id,code,name,gender,group,item,parent_id:id
"jt_conac.3256","1.0.0.0","Activo","Activo","","",""
"jt_conac.3257","1.1.0.0","Activo Circulante","Activo","Activo Circulante","","jt_conac.3256"
"jt_conac.3258","1.1.1.0","Efectivo y Equivalentes","Activo","Activo Circulante","Efectivo y Equivalentes","jt_conac.3257"
"jt_conac.3259","1.1.1.1","Efectivo","Activo","Activo Circulante","Efectivo y Equivalentes","jt_conac.3258"
"jt_conac.3260","1.1.1.2","Bancos/Tesorería","Activo","Activo Circulante","Efectivo y Equivalentes","jt_conac.3258"
"jt_conac.3261","1.1.1.3","Bancos/Dependencias y Otros","Activo","Activo Circulante","Efectivo y Equivalentes","jt_conac.3258"
"jt_conac.3262","1.1.1.4","Inversiones Temporales (Hasta 3 meses)","Activo","Activo Circulante","Efectivo y Equivalentes","jt_conac.3258"
"jt_conac.3263","1.1.1.5","Fondos con Afectación Específica ","Activo","Activo Circulante","Efectivo y Equivalentes","jt_conac.3258"
"jt_conac.3264","1.1.1.6","Depósitos de Fondos de Terceros en Garantía y/o Administración","Activo","Activo Circulante","Efectivo y Equivalentes","jt_conac.3258"
"jt_conac.3265","1.1.1.9","Otros Efectivos y Equivalentes","Activo","Activo Circulante","Efectivo y Equivalentes","jt_conac.3258"
"jt_conac.3266","1.1.2.0","Derechos a Recibir Efectivo o Equivalentes","Activo","Activo Circulante","Derechos a Recibir Efectivo o Equivalentes","jt_conac.3257"
"jt_conac.3267","1.1.2.1","Inversiones Financieras de Corto Plazo","Activo","Activo Circulante","Derechos a Recibir Efectivo o Equivalentes","jt_conac.3266"
"jt_conac.3268","1.1.2.2","Cuentas por Cobrar a Corto Plazo","Activo","Activo Circulante","Derechos a Recibir Efectivo o Equivalentes","jt_conac.3266"
"jt_conac.3269","1.1.2.3","Deudores Diversos por Cobrar a Corto Plazo","Activo","Activo Circulante","Derechos a Recibir Efectivo o Equivalentes","jt_conac.3266"
"jt_conac.3270","1.1.2.4","Ingresos por Recuperar a Corto Plazo","Activo","Activo Circulante","Derechos a Recibir Efectivo o Equivalentes","jt_conac.3266"
"jt_conac.3271","1.1.2.5","Deudores por Anticipos de la Tesorería a Corto Plazo","Activo","Activo Circulante","Derechos a Recibir Efectivo o Equivalentes","jt_conac.3266"
"jt_conac.3272","1.1.2.6","Préstamos Otorgados a Corto Plazo","Activo","Activo Circulante","Derechos a Recibir Efectivo o Equivalentes","jt_conac.3266"
"jt_conac.3273","1.1.2.9","Otros Derechos a Recibir Efectivos o Equivalentes a Corto Plazo","Activo","Activo Circulante","Derechos a Recibir Efectivo o Equivalentes","jt_conac.3266"
"jt_conac.3274","1.1.3.0","Derechos a Recibir Bienes y Servicios","Activo","Activo Circulante","Derechos a Recibir Bienes y Servicios","jt_conac.3257"
"jt_conac.3275","1.1.3.1","Anticipo a Proveedores por Adquisición de Bienes y Prestación de Servicios a Corto Plazo","Activo","Activo Circulante","Derechos a Recibir Bienes y Servicios","jt_conac.3274"
"jt_conac.3276","1.1.3.2","Anticipo a Proveedores por Adquisición de Bienes Inmuebles y Muebles a Corto Plazo","Activo","Activo Circulante","Derechos a Recibir Bienes y Servicios","jt_conac.3274"
"jt_conac.3277","1.1.3.3","Anticipo a Proveedores por Adquisición de Bienes Intangibles a Corto Plazo","Activo","Activo Circulante","Derechos a Recibir Bienes y Servicios","jt_conac.3274"
"jt_conac.3278","1.1.3.4","Anticipo a Contratistas por Obras Públicas a Corto Plazo","Activo","Activo Circulante","Derechos a Recibir Bienes y Servicios","jt_conac.3274"
"jt_conac.3279","1.1.3.9","Otros Derechos a Recibir Bienes o Servicios a Corto Plazo","Activo","Activo Circulante","Derechos a Recibir Bienes y Servicios","jt_conac.3274"
"jt_conac.3280","1.1.4.0","Inventarios","Activo","Activo Circulante","Inventarios","jt_conac.3257"
"jt_conac.3281","1.1.4.1","Inventario de Mercancías para Venta","Activo","Activo Circulante","Inventarios","jt_conac.3280"
"jt_conac.3282","1.1.4.2","Inventario de Mercancías Terminadas","Activo","Activo Circulante","Inventarios","jt_conac.3280"
"jt_conac.3283","1.1.4.3","Inventario de Mercancías en Proceso de Elaboración","Activo","Activo Circulante","Inventarios","jt_conac.3280"
"jt_conac.3284","1.1.4.4","Inventario de Materias Primas, Materiales y Suministros para Producción","Activo","Activo Circulante","Inventarios","jt_conac.3280"
"jt_conac.3285","1.1.4.5","Bienes en Tránsito","Activo","Activo Circulante","Inventarios","jt_conac.3280"
"jt_conac.3286","1.1.5.0","Almacenes","Activo","Activo Circulante","Almacenes","jt_conac.3257"
"jt_conac.3287","1.1.5.1","Almacén de Materiales y Suministros de Consumo","Activo","Activo Circulante","Almacenes","jt_conac.3286"
"jt_conac.3288","1.1.6.0","Estimación por Pérdidas o Deterioro de Activos Circulantes","Activo","Activo Circulante","Estimación por Pérdidas o Deterioro de Activos Circulantes","jt_conac.3257"
"jt_conac.3289","1.1.6.1","Estimaciones para Cuentas Incobrables por Derechos a Recibir Efectivo o Equivalentes","Activo","Activo Circulante","Estimación por Pérdidas o Deterioro de Activos Circulantes","jt_conac.3288"
"jt_conac.3290","1.1.6.2","Estimación por Deterioro de Inventarios","Activo","Activo Circulante","Estimación por Pérdidas o Deterioro de Activos Circulantes","jt_conac.3288"
"jt_conac.3291","1.1.9.0","Otros Activos Circulantes","Activo","Activo Circulante","Otros Activos Circulantes","jt_conac.3257"
"jt_conac.3292","1.1.9.1","Valores en Garantía","Activo","Activo Circulante","Otros Activos Circulantes","jt_conac.3291"
"jt_conac.3293","1.1.9.2","Bienes en Garantía (excluye depósitos de fondos)","Activo","Activo Circulante","Otros Activos Circulantes","jt_conac.3291"
"jt_conac.3294","1.1.9.3","Bienes Derivados de Embargos, Decomisos, Aseguramientos y Dación en Pago","Activo","Activo Circulante","Otros Activos Circulantes","jt_conac.3291"
"jt_conac.3295","1.1.9.4","Adquisición con Fondos de Terceros","Activo","Activo Circulante","Otros Activos Circulantes","jt_conac.3291"
"jt_conac.3296","1.2.0.0","Activo No Circulante","Activo","Activo No Circulante","","jt_conac.3256"
"jt_conac.3297","1.2.1.0","Inversiones Financieras a Largo Plazo","Activo","Activo No Circulante","Inversiones Financieras a Largo Plazo","jt_conac.3296"
"jt_conac.3298","1.2.1.1","Inversiones a Largo Plazo","Activo","Activo No Circulante","Inversiones Financieras a Largo Plazo","jt_conac.3297"
"jt_conac.3299","1.2.1.2","Títulos y Valores a Largo Plazo","Activo","Activo No Circulante","Inversiones Financieras a Largo Plazo","jt_conac.3297"
"jt_conac.3300","1.2.1.3","Fideicomisos, Mandatos y Contratos Análogos","Activo","Activo No Circulante","Inversiones Financieras a Largo Plazo","jt_conac.3297"
"jt_conac.3301","1.2.1.4","Participaciones y Aportaciones de Capital","Activo","Activo No Circulante","Inversiones Financieras a Largo Plazo","jt_conac.3297"
"jt_conac.3302","1.2.2.0","Derechos a Recibir Efectivo o Equivalentes a Largo Plazo","Activo","Activo No Circulante","Derechos a Recibir Efectivo o Equivalentes a Largo Plazo","jt_conac.3296"
"jt_conac.3303","1.2.2.1","Documentos por Cobrar a Largo Plazo","Activo","Activo No Circulante","Derechos a Recibir Efectivo o Equivalentes a Largo Plazo","jt_conac.3302"
"jt_conac.3304","1.2.2.2","Deudores Diversos a Largo Plazo","Activo","Activo No Circulante","Derechos a Recibir Efectivo o Equivalentes a Largo Plazo","jt_conac.3302"
"jt_conac.3305","1.2.2.3","Ingresos por Recuperar a Largo Plazo","Activo","Activo No Circulante","Derechos a Recibir Efectivo o Equivalentes a Largo Plazo","jt_conac.3302"
"jt_conac.3306","1.2.2.4","Préstamos Otorgados a Largo Plazo","Activo","Activo No Circulante","Derechos a Recibir Efectivo o Equivalentes a Largo Plazo","jt_conac.3302"
"jt_conac.3307","1.2.2.9","Otros Derechos a Recibir Efectivo o Equivalentes a Largo Plazo","Activo","Activo No Circulante","Derechos a Recibir Efectivo o Equivalentes a Largo Plazo","jt_conac.3302"
"jt_conac.3308","1.2.3.0","Bienes Inmuebles, Infraestructura y Construcciones en Proceso","Activo","Activo No Circulante","Bienes Inmuebles, Infraestructura y Construcciones en Proceso","jt_conac.3296"
"jt_conac.3309","1.2.3.1","Terrenos","Activo","Activo No Circulante","Bienes Inmuebles, Infraestructura y Construcciones en Proceso","jt_conac.3308"
"jt_conac.3310","1.2.3.2","Viviendas","Activo","Activo No Circulante","Bienes Inmuebles, Infraestructura y Construcciones en Proceso","jt_conac.3308"
"jt_conac.3311","1.2.3.3","Edificios no Habitacionales","Activo","Activo No Circulante","Bienes Inmuebles, Infraestructura y Construcciones en Proceso","jt_conac.3308"
"jt_conac.3312","1.2.3.4","Infraestructura","Activos","Activo No Circulante","Bienes Inmuebles, Infraestructura y Construcciones en Proceso","jt_conac.3308"
"jt_conac.3313","1.2.3.5","Construcciones en Proceso en Bienes de Dominio Público","Activos","Activo No Circulante","Bienes Inmuebles, Infraestructura y Construcciones en Proceso","jt_conac.3308"
"jt_conac.3314","1.2.3.6","Construcciones en Proceso en Bienes Propios ","Activos","Activo No Circulante","Bienes Inmuebles, Infraestructura y Construcciones en Proceso","jt_conac.3308"
"jt_conac.3315","1.2.3.9","Otros Bienes Inmuebles","Activo","Activo No Circulante","Bienes Inmuebles, Infraestructura y Construcciones en Proceso","jt_conac.3308"
"jt_conac.3316","1.2.4.0","Bienes Muebles","Activo","Activo No Circulante","Bienes Muebles","jt_conac.3296"
"jt_conac.3317","1.2.4.1","Mobiliario y Equipo de Administración","Activo","Activo No Circulante","Bienes Muebles","jt_conac.3316"
"jt_conac.3318","1.2.4.2","Mobiliario y Equipo Educacional y Recreativo","Activo","Activo No Circulante","Bienes Muebles","jt_conac.3316"
"jt_conac.3319","1.2.4.3","Equipo e Instrumental Médico y de Laboratorio","Activo","Activo No Circulante","Bienes Muebles","jt_conac.3316"
"jt_conac.3320","1.2.4.4","Vehículos y Equipo de Transporte","Activo","Activo No Circulante","Bienes Muebles","jt_conac.3316"
"jt_conac.3321","1.2.4.5","Equipo de Defensa y Seguridad","Activo","Activo No Circulante","Bienes Muebles","jt_conac.3316"
"jt_conac.3322","1.2.4.6","Maquinaria, Otros Equipos y Herramientas","Activo","Activo No Circulante","Bienes Muebles ","jt_conac.3316"
"jt_conac.3323","1.2.4.7","Colecciones, Obras de Arte y Objetos Valiosos","Activo","Activo No Circulante","Bienes Muebles","jt_conac.3316"
"jt_conac.3324","1.2.4.8","Activos Biológicos","Activo","Activo No Circulante","Bienes Muebles ","jt_conac.3316"
"jt_conac.3325","1.2.5.0","Activos Intangibles","Activo","Activo No Circulante","Activos Intangibles","jt_conac.3296"
"jt_conac.3326","1.2.5.1","Software","Activo","Activo No Circulante","Activos Intangibles","jt_conac.3325"
"jt_conac.3327","1.2.5.2","Patentes, Marcas y Derechos","Activo","Activo No Circulante","Activos Intangibles","jt_conac.3325"
"jt_conac.3328","1.2.5.3","Concesiones y Franquicias","Activo","Activo No Circulante","Activos Intangibles","jt_conac.3325"
"jt_conac.3329","1.2.5.4","Licencias","Activo","Activo No Circulante","Activos Intangibles","jt_conac.3325"
"jt_conac.3330","1.2.5.9","Otros Activos Intangibles","Activo","Activo No Circulante","Activos Intangibles ","jt_conac.3325"
"jt_conac.3331","1.2.6.0","Depreciación, Deterioro y Amortización Acumulada de Bienes","Activo","Activo No Circulante","Depreciación, Deterioro y Amortización Acumulada de Bienes","jt_conac.3296"
"jt_conac.3332","1.2.6.1","Depreciación Acumulada de Bienes Inmuebles","Activo","Activo No Circulante","Depreciación, Deterioro y Amortización Acumulada de Bienes","jt_conac.3331"
"jt_conac.3333","1.2.6.2","Depreciación Acumulada de Infraestructura","Activo","Activo No Circulante","Depreciación, Deterioro y Amortización Acumulada de Bienes","jt_conac.3331"
"jt_conac.3334","1.2.6.3","Depreciación Acumulada de Bienes Muebles","Activo","Activo No Circulante","Depreciación, Deterioro y Amortización Acumulada de Bienes","jt_conac.3331"
"jt_conac.3335","1.2.6.4","Deterioro Acumulado de Activos Biológicos","Activo","Activo No Circulante","Depreciación, Deterioro y Amortización Acumulada de Bienes","jt_conac.3331"
"jt_conac.3336","1.2.6.5","Amortización Acumulada de Activos Intangibles","Activo","Activo No Circulante","Depreciación, Deterioro y Amortización Acumulada de Bienes","jt_conac.3331"
"jt_conac.3337","1.2.7.0","Activos Diferidos","Activo","Activo No Circulante","Activos Diferidos","jt_conac.3296"
"jt_conac.3338","1.2.7.1","Estudios, Formulación y Evaluación de Proyectos","Activo","Activo No Circulante","Activos Diferidos","jt_conac.3337"
"jt_conac.3339","1.2.7.2","Derechos sobre Bienes en Régimen de Arrendamiento Financiero ","Activo","Activo No Circulante","Activos Diferidos","jt_conac.3337"
"jt_conac.3340","1.2.7.3","Gastos Pagados por Adelantado a Largo Plazo","Activo","Activo No Circulante","Activos Diferidos","jt_conac.3337"
"jt_conac.3341","1.2.7.4","Anticipos a Largo Plazo","Activo","Activo No Circulante","Activos Diferidos ","jt_conac.3337"
"jt_conac.3342","1.2.7.5","Beneficios al Retiro de Empleados Pagados por Adelantado","Activo","Activo No Circulante","Activos Diferidos ","jt_conac.3337"
"jt_conac.3343","1.2.7.9","Otros Activos Diferidos","Activo","Activo No Circulante","Activos Diferidos ","jt_conac.3337"
"jt_conac.3344","1.2.8.0","Estimación por Pérdida o Deterioro de Activos no Circulantes","Activo","Activo No Circulante","Estimación por Pérdida o Deterioro de Activos no Circulantes","jt_conac.3296"
"jt_conac.3345","1.2.8.1","Estimaciones por Pérdida de Cuentas incobrables de Documentos por Cobrar a Largo Plazo","Activo","Activo No Circulante","Estimación por Pérdida o Deterioro de Activos no Circulantes","jt_conac.3344"
"jt_conac.3346","1.2.8.2","Estimaciones por Pérdida de Cuentas incobrables de Deudores Diversos por Cobrar a Largo Plazo","Activo","Activo No Circulante","Estimación por Pérdida o Deterioro de Activos no Circulantes","jt_conac.3344"
"jt_conac.3347","1.2.8.3","Estimaciones por Pérdida de Cuentas Incobrables de Ingresos por Cobrar a Largo Plazo","Activo","Activo No Circulante","Estimación por Pérdida o Deterioro de Activos no Circulantes","jt_conac.3344"
"jt_conac.3348","1.2.8.4","Estimaciones por Pérdida de Cuentas Incobrables de Préstamos Otorgados a Largo Plazo","Activo","Activo No Circulante","Estimación por Pérdida o Deterioro de Activos no Circulantes","jt_conac.3344"
"jt_conac.3349","1.2.8.9","Estimaciones por Pérdida de Otras Cuentas Incobrables a Largo Plazo","Activo","Activo No Circulante","Estimación por Pérdida o Deterioro de Activos no Circulantes","jt_conac.3344"
"jt_conac.3350","1.2.9.0","Otros Activos no Circulantes","Activo","Activo No Circulante","Otros Activos no Circulantes","jt_conac.3296"
"jt_conac.3351","1.2.9.1","Bienes en Concesión","Activo","Activo No Circulante","Otros Activos no Circulantes","jt_conac.3350"
"jt_conac.3352","1.2.9.2","Bienes en Arrendamiento Financiero","Activo","Activo No Circulante","Otros Activos no Circulantes","jt_conac.3350"
"jt_conac.3353","1.2.9.3","Bienes en Comodato","Activo","Activo No Circulante","Otros Activos no Circulantes","jt_conac.3350"
"jt_conac.3354","2.0.0.0","Pasivo","Pasivo","","",""
"jt_conac.3355","2.1.0.0","Pasivo Circulante","Pasivo","Pasivo Circulante","","jt_conac.3354"
"jt_conac.3356","2.1.1.0","Cuentas por Pagar a Corto Plazo","Pasivo","Pasivo Circulante","Cuentas por Pagar a Corto Plazo","jt_conac.3355"
"jt_conac.3357","2.1.1.1","Servicios Personales por Pagar a Corto Plazo","Pasivo","Pasivo Circulante","Cuentas por Pagar a Corto Plazo","jt_conac.3356"
"jt_conac.3358","2.1.1.2","Proveedores por Pagar a Corto Plazo","Pasivo","Pasivo Circulante","Cuentas por Pagar a Corto Plazo","jt_conac.3356"
"jt_conac.3359","2.1.1.3","Contratistas por Obras Públicas por Pagar a Corto Plazo","Pasivo","Pasivo Circulante","Cuentas por Pagar a Corto Plazo","jt_conac.3356"
"jt_conac.3360","2.1.1.4","Participaciones y Aportaciones por Pagar a Corto Plazo","Pasivo","Pasivo Circulante","Cuentas por Pagar a Corto Plazo","jt_conac.3356"
"jt_conac.3361","2.1.1.5","Transferencias Otorgadas por Pagar a Corto Plazo","Pasivo","Pasivo Circulante","Cuentas por Pagar a Corto Plazo","jt_conac.3356"
"jt_conac.3362","2.1.1.6","Intereses, Comisiones y Otros Gastos de la Deuda Pública por Pagar a Corto Plazo ","Pasivo","Pasivo Circulante","Cuentas por Pagar a Corto Plazo","jt_conac.3356"
"jt_conac.3363","2.1.1.7","Retenciones y Contribuciones por Pagar a Corto Plazo","Pasivo","Pasivo Circulante","Cuentas por Pagar a Corto Plazo","jt_conac.3356"
"jt_conac.3364","2.1.1.8","Devoluciones de la Ley de Ingresos por Pagar a Corto Plazo","Pasivo","Pasivo Circulante","Cuentas por Pagar a Corto Plazo","jt_conac.3356"
"jt_conac.3365","2.1.1.9","Otras Cuentas por Pagar a Corto Plazo","Pasivo","Pasivo Circulante","Cuentas por Pagar a Corto Plazo","jt_conac.3356"
"jt_conac.3366","2.1.2.0","Documentos por Pagar a Corto Plazo","Pasivo","Pasivo Circulante","Documentos por Pagar a Corto Plazo","jt_conac.3355"
"jt_conac.3367","2.1.2.1","Documentos Comerciales por Pagar a Corto Plazo","Pasivo","Pasivo Circulante","Documentos por Pagar a Corto Plazo","jt_conac.3366"
"jt_conac.3368","2.1.2.2","Documentos con Contratistas por Obras Públicas por Pagar a Corto Plazo","Pasivo","Pasivo Circulante","Documentos por Pagar a Corto Plazo","jt_conac.3366"
"jt_conac.3369","2.1.2.9","Otros Documentos por Pagar a Corto Plazo","Pasivo","Pasivo Circulante","Documentos por Pagar a Corto Plazo","jt_conac.3366"
"jt_conac.3370","2.1.3.0","Porción a Corto Plazo de la Deuda Pública a Largo Plazo","Pasivo","Pasivo Circulante","Porción a Corto Plazo de la Deuda Pública a Largo Plazo","jt_conac.3355"
"jt_conac.3371","2.1.3.1","Porción a Corto Plazo de la Deuda Pública Interna","Pasivo","Pasivo Circulante","Porción a Corto Plazo de la Deuda Pública a Largo Plazo","jt_conac.3370"
"jt_conac.3372","2.1.3.2","Porción a Corto Plazo de la Deuda Pública Externa","Pasivo","Pasivo Circulante","Porción a Corto Plazo de la Deuda Pública a Largo Plazo","jt_conac.3370"
"jt_conac.3373","2.1.3.3","Porción a Corto Plazo de Arrendamiento Financiero","Pasivo","Pasivo Circulante","Porción a Corto Plazo de la Deuda Pública a Largo Plazo","jt_conac.3370"
"jt_conac.3374","2.1.4.0","Títulos y Valores a Corto Plazo","Pasivo","Pasivo Circulante","Títulos y Valores a Corto Plazo","jt_conac.3355"
"jt_conac.3375","2.1.4.1","Títulos y Valores de la Deuda Pública Interna a Corto Plazo","Pasivo","Pasivo Circulante","Títulos y Valores a Corto Plazo","jt_conac.3374"
"jt_conac.3376","2.1.4.2","Títulos y Valores de la Deuda Pública Externa a Corto Plazo","Pasivo","Pasivo Circulante","Títulos y Valores a Corto Plazo","jt_conac.3374"
"jt_conac.3377","2.1.5.0","Pasivos Diferidos a Corto Plazo","Pasivo","Pasivo Circulante","Pasivos Diferidos a Corto Plazo","jt_conac.3355"
"jt_conac.3378","2.1.5.1","Ingresos Cobrados por Adelantado a Corto Plazo","Pasivo","Pasivo Circulante","Pasivos Diferidos a Corto Plazo","jt_conac.3377"
"jt_conac.3379","2.1.5.2","Intereses Cobrados por Adelantado a Corto Plazo","Pasivo","Pasivo Circulante","Pasivos Diferidos a Corto Plazo","jt_conac.3377"
"jt_conac.3380","2.1.5.9","Otros Pasivos Diferidos a Corto Plazo","Pasivo","Pasivo Circulante","Pasivos Diferidos a Corto Plazo","jt_conac.3377"
"jt_conac.3381","2.1.6.0","Fondos y Bienes de Terceros en Garantía y/o Administración a Corto Plazo","Pasivo","Pasivo Circulante","Fondos y Bienes de Terceros en Garantía y/o Administración a Corto Plazo","jt_conac.3355"
"jt_conac.3382","2.1.6.1","Fondos en Garantía a Corto Plazo ","Pasivo","Pasivo Circulante","Fondos y Bienes de Terceros en Garantía y/o Administración a Corto Plazo","jt_conac.3381"
"jt_conac.3383","2.1.6.2","Fondos en Administración a Corto Plazo","Pasivo","Pasivo Circulante","Fondos y Bienes de Terceros en Garantía y/o Administración a Corto Plazo","jt_conac.3381"
"jt_conac.3384","2.1.6.3","Fondos Contingentes a Corto Plazo","Pasivo","Pasivo Circulante","Fondos y Bienes de Terceros en Garantía y/o Administración a Corto Plazo","jt_conac.3381"
"jt_conac.3385","2.1.6.4","Fondos de Fideicomisos, Mandatos y Contratos Análogos a Corto Plazo","Pasivo","Pasivo Circulante","Fondos y Bienes de Terceros en Garantía y/o Administración a Corto Plazo","jt_conac.3381"
"jt_conac.3386","2.1.6.5","Otros Fondos de Terceros en Garantía y/o Administración a Corto Plazo","Pasivo","Pasivo Circulante","Fondos y Bienes de Terceros en Garantía y/o Administración a Corto Plazo","jt_conac.3381"
"jt_conac.3387","2.1.6.6","Valores y Bienes en Garantía a Corto Plazo ","Pasivo","Pasivo Circulante","Fondos y Bienes de Terceros en Garantía y/o Administración a Corto Plazo","jt_conac.3381"
"jt_conac.3388","2.1.7.0","Provisiones a Corto Plazo","Pasivo","Pasivo Circulante","Provisiones a Corto Plazo","jt_conac.3355"
"jt_conac.3389","2.1.7.1","Provisión para Demandas y Juicios a Corto Plazo","Pasivo","Pasivo Circulante","Provisiones a Corto Plazo","jt_conac.3388"
"jt_conac.3390","2.1.7.2","Provisión para Contingencias a Corto Plazo","Pasivo","Pasivo Circulante","Provisiones a Corto Plazo","jt_conac.3388"
"jt_conac.3391","2.1.7.9","Otras Provisiones a Corto Plazo","Pasivo","Pasivo Circulante","Provisiones a Corto Plazo","jt_conac.3388"
"jt_conac.3392","2.1.9.0","Otros Pasivos a Corto Plazo","Pasivo","Pasivo Circulante","Otros Pasivos a Corto Plazo","jt_conac.3355"
"jt_conac.3393","2.1.9.1","Ingresos por Clasificar","Pasivo","Pasivo Circulante","Otros Pasivos a Corto Plazo","jt_conac.3392"
"jt_conac.3394","2.1.9.2","Recaudación por Participar","Pasivo","Pasivo Circulante","Otros Pasivos a Corto Plazo","jt_conac.3392"
"jt_conac.3395","2.1.9.9","Otros Pasivos Circulantes","Pasivo","Pasivo Circulante","Otros Pasivos a Corto Plazo","jt_conac.3392"
"jt_conac.3396","2.2.0.0","Pasivo No Circulante","Pasivo","Pasivo No Circulante","","jt_conac.3354"
"jt_conac.3397","2.2.1.0","Cuentas por Pagar a Largo Plazo","Pasivo","Pasivo No Circulante","Cuentas por Pagar a Largo Plazo","jt_conac.3396"
"jt_conac.3398","2.2.1.1","Proveedores por Pagar a Largo Plazo","Pasivo","Pasivo No Circulante","Cuentas por Pagar a Largo Plazo","jt_conac.3397"
"jt_conac.3399","2.2.1.2","Contratistas por Obras Públicas por Pagar a Largo Plazo","Pasivo","Pasivo No Circulante","Cuentas por Pagar a Largo Plazo","jt_conac.3397"
"jt_conac.3400","2.2.2.0","Documentos por Pagar a Largo Plazo","Pasivo","Pasivo No Circulante","Documentos por Pagar a Largo Plazo","jt_conac.3396"
"jt_conac.3401","2.2.2.1","Documentos Comerciales por Pagar a Largo Plazo","Pasivo","Pasivo No Circulante","Documentos por Pagar a Largo Plazo","jt_conac.3400"
"jt_conac.3402","2.2.2.2","Documentos con Contratistas por Obras Públicas por Pagar a Largo Plazo","Pasivo","Pasivo No Circulante","Documentos por Pagar a Largo Plazo","jt_conac.3400"
"jt_conac.3403","2.2.2.9","Otros Documentos por Pagar a Largo Plazo","Pasivo","Pasivo No Circulante","Documentos por Pagar a Largo Plazo","jt_conac.3400"
"jt_conac.3404","2.2.3.0","Deuda Pública a Largo Plazo","Pasivo","Pasivo No Circulante","Deuda Pública a Largo Plazo","jt_conac.3396"
"jt_conac.3405","2.2.3.1","Títulos y Valores de la Deuda Pública Interna a Largo Plazo","Pasivo","Pasivo No Circulante","Deuda Pública a Largo Plazo","jt_conac.3404"
"jt_conac.3406","2.2.3.2","Títulos y Valores de la Deuda Pública Externa a Largo Plazo","Pasivo","Pasivo No Circulante","Deuda Pública a Largo Plazo","jt_conac.3404"
"jt_conac.3407","2.2.3.3","Préstamos de la Deuda Pública Interna por Pagar a Largo Plazo","Pasivo","Pasivo No Circulante","Deuda Pública a Largo Plazo","jt_conac.3404"
"jt_conac.3408","2.2.3.4","Préstamos de la Deuda Pública Externa por Pagar a Largo Plazo","Pasivo","Pasivo No Circulante","Deuda Pública a Largo Plazo","jt_conac.3404"
"jt_conac.3409","2.2.3.5","Arrendamiento Financiero por Pagar a Largo Plazo","Pasivo","Pasivo No Circulante","Deuda Pública a Largo Plazo","jt_conac.3404"
"jt_conac.3410","2.2.4.0","Pasivos Diferidos a Largo Plazo","Pasivo","Pasivo No Circulante","Pasivos Diferidos a Largo Plazo","jt_conac.3396"
"jt_conac.3411","2.2.4.1","Créditos Diferidos a Largo Plazo","Pasivo","Pasivo No Circulante","Pasivos Diferidos a Largo Plazo","jt_conac.3410"
"jt_conac.3412","2.2.4.2","Intereses Cobrados por Adelantado a Largo Plazo","Pasivo","Pasivo No Circulante","Pasivos Diferidos a Largo Plazo","jt_conac.3410"
"jt_conac.3413","2.2.4.9","Otros Pasivos Diferidos a Largo Plazo","Pasivo","Pasivo No Circulante","Pasivos Diferidos a Largo Plazo","jt_conac.3410"
"jt_conac.3414","2.2.5.0","Fondos y Bienes de Terceros en Garantía y/o Administración a Largo Plazo","Pasivo","Pasivo No Circulante","Fondos y Bienes de Terceros en Garantía y/o Administración a Largo Plazo","jt_conac.3396"
"jt_conac.3415","2.2.5.1","Fondos en Garantía a Largo Plazo","Pasivo","Pasivo No Circulante","Fondos y Bienes de Terceros en Garantía y/o Administración a Largo Plazo","jt_conac.3414"
"jt_conac.3416","2.2.5.2","Fondos en Administración a Largo Plazo","Pasivo","Pasivo No Circulante","Fondos y Bienes de Terceros en Garantía y/o Administración a Largo Plazo","jt_conac.3414"
"jt_conac.3417","2.2.5.3","Fondos Contingentes a Largo Plazo","Pasivo","Pasivo No Circulante","Fondos y Bienes de Terceros en Garantía y/o Administración a Largo Plazo","jt_conac.3414"
"jt_conac.3418","2.2.5.4","Fondos de Fideicomisos, Mandatos y Contratos Análogos a Largo Plazo","Pasivo","Pasivo No Circulante","Fondos y Bienes de Terceros en Garantía y/o Administración a Largo Plazo","jt_conac.3414"
"jt_conac.3419","2.2.5.5","Otros Fondos de Terceros en Garantía y/o Administración a Largo Plazo","Pasivo","Pasivo No Circulante","Fondos y Bienes de Terceros en Garantía y/o Administración a Largo Plazo","jt_conac.3414"
"jt_conac.3420","2.2.5.6","Valores y Bienes en Garantía a Largo Plazo","Pasivo","Pasivo No Circulante","Fondos y Bienes de Terceros en Garantía y/o Administración a Largo Plazo","jt_conac.3414"
"jt_conac.3421","2.2.6.0","Provisiones a Largo Plazo","Pasivo","Pasivo No Circulante","Provisiones a Largo Plazo","jt_conac.3396"
"jt_conac.3422","2.2.6.1","Provisión para Demandas y Juicios a Largo Plazo","Pasivo","Pasivo No Circulante","Provisiones a Largo Plazo","jt_conac.3421"
"jt_conac.3423","2.2.6.2","Provisión para Pensiones a Largo Plazo","Pasivo","Pasivo No Circulante","Provisiones a Largo Plazo","jt_conac.3421"
"jt_conac.3424","2.2.6.3","Provisión para Contingencias a Largo Plazo","Pasivo","Pasivo No Circulante","Provisiones a Largo Plazo","jt_conac.3421"
"jt_conac.3425","2.2.6.9","Otras Provisiones a Largo Plazo","Pasivo","Pasivo No Circulante","Provisiones a Largo Plazo","jt_conac.3421"
"jt_conac.3426","3.0.0.0","Hacienda Pública / Patrimonio","Hacienda Pública / Patrimonio","","",""
"jt_conac.3427","3.1.0.0","Hacienda Pública/ Patrimonio Contribuido","Hacienda Pública / Patrimonio","Hacienda Pública/ Patrimonio Contribuido","","jt_conac.3426"
"jt_conac.3428","3.1.1.0","Aportaciones ","Hacienda Pública / Patrimonio","Hacienda Pública/ Patrimonio Contribuido","Aportaciones ","jt_conac.3427"
"jt_conac.3429","3.1.2.0","Donaciones de Capital","Hacienda Pública / Patrimonio","Hacienda Pública/ Patrimonio Contribuido","Donaciones de Capital","jt_conac.3427"
"jt_conac.3430","3.1.3.0","Actualización de la Hacienda Pública/Patrimonio","Hacienda Pública / Patrimonio","Hacienda Pública/ Patrimonio Contribuido","Actualización de la Hacienda Pública/Patrimonio","jt_conac.3427"
"jt_conac.3431","3.2.0.0","Hacienda Pública/ Patrimonio Generado","Hacienda Pública / Patrimonio","Hacienda Pública/ Patrimonio Generado","","jt_conac.3426"
"jt_conac.3432","3.2.1.0","Resultados del Ejercicio (Ahorro/ Desahorro)","Hacienda Pública / Patrimonio","Hacienda Pública/ Patrimonio Generado","Resultados del Ejercicio","jt_conac.3431"
"jt_conac.3433","3.2.2.0","Resultados de Ejercicios Anteriores","Hacienda Pública / Patrimonio","Hacienda Pública/ Patrimonio Generado","Resultados de Ejercicios Anteriores","jt_conac.3431"
"jt_conac.3434","3.2.3.0","Revalúos","Hacienda Pública / Patrimonio","Hacienda Pública/ Patrimonio Generado","Revalúos","jt_conac.3431"
"jt_conac.3435","3.2.3.1","Revalúo de Bienes Inmuebles","Hacienda Pública / Patrimonio","Hacienda Pública/ Patrimonio Generado","Revalúos","jt_conac.3434"
"jt_conac.3436","3.2.3.2","Revalúo de Bienes Muebles","Hacienda Pública / Patrimonio","Hacienda Pública/ Patrimonio Generado","Revalúos","jt_conac.3434"
"jt_conac.3437","3.2.3.3","Revalúo de Bienes Intangibles","Hacienda Pública / Patrimonio","Hacienda Pública/ Patrimonio Generado","Revalúos","jt_conac.3434"
"jt_conac.3438","3.2.3.9","Otros Revalúos","Hacienda Pública / Patrimonio","Hacienda Pública/ Patrimonio Generado","Revalúos","jt_conac.3434"
"jt_conac.3439","3.2.4.0","Reservas","Hacienda Pública / Patrimonio","Hacienda Pública/ Patrimonio Generado","Reservas","jt_conac.3431"
"jt_conac.3440","3.2.4.1","Reservas de Patrimonio","Hacienda Pública / Patrimonio","Hacienda Pública/ Patrimonio Generado","Reservas","jt_conac.3439"
"jt_conac.3441","3.2.4.2","Reservas Territoriales","Hacienda Pública / Patrimonio","Hacienda Pública/ Patrimonio Generado","Reservas","jt_conac.3439"
"jt_conac.3442","3.2.4.3","Reservas por Contingencias","Hacienda Pública / Patrimonio","Hacienda Pública/ Patrimonio Generado","Reservas","jt_conac.3439"
"jt_conac.3443","3.2.5.0","Rectificaciones de Resultados de Ejercicios Anteriores","Hacienda Pública / Patrimonio","Hacienda Pública/ Patrimonio Generado","Rectificaciones de Resultados de Ejercicios Anteriores","jt_conac.3431"
"jt_conac.3444","3.2.5.1","Cambios en Políticas Contables","Hacienda Pública / Patrimonio","Hacienda Pública/ Patrimonio Generado","Rectificaciones de Resultados de Ejercicios Anteriores","jt_conac.3443"
"jt_conac.3445","3.2.5.2","Cambios por Errores Contables","Hacienda Pública / Patrimonio","Hacienda Pública/ Patrimonio Generado","Rectificaciones de Resultados de Ejercicios Anteriores","jt_conac.3443"
"jt_conac.3446","3.3.0.0","Exceso o Insuficiencia en la Actualización de la Hacienda Pública/ Patrimonio","Hacienda Pública / Patrimonio","Exceso o Insuficiencia en la Actualización de la Hacienda Pública/ Patrimonio","","jt_conac.3426"
"jt_conac.3447","3.3.1.0","Resultado por Posición Monetaria","Hacienda Pública / Patrimonio","Exceso o Insuficiencia en la Actualización de la Hacienda Pública/ Patrimonio","Resultado por Posición Monetaria","jt_conac.3446"
"jt_conac.3448","3.3.2.0","Resultado por Tenencia de Activos no Monetarios","Hacienda Pública / Patrimonio","Exceso o Insuficiencia en la Actualización de la Hacienda Pública/ Patrimonio","Resultado por Tenencia de Activos no Monetarios","jt_conac.3446"
"jt_conac.3449","4.0.0.0","Ingresos y Otros Beneficios","Ingresos y Otros Beneficios","","",""
"jt_conac.3450","4.1.0.0","Ingresos de Gestión","Ingresos y Otros Beneficios","Ingresos de Gestión","","jt_conac.3449"
"jt_conac.3451","4.1.1.0","Impuestos","Ingresos y Otros Beneficios","Ingresos de Gestión","Impuestos","jt_conac.3450"
"jt_conac.3452","4.1.1.1","Impuestos Sobre los Ingresos","Ingresos y Otros Beneficios","Ingresos de Gestión","Impuestos","jt_conac.3451"
"jt_conac.3453","4.1.1.2","Impuestos Sobre el Patrimonio","Ingresos y Otros Beneficios","Ingresos de Gestión","Impuestos","jt_conac.3451"
"jt_conac.3454","4.1.1.3","Impuestos Sobre la Producción, el Consumo y las Transacciones","Ingresos y Otros Beneficios","Ingresos de Gestión","Impuestos","jt_conac.3451"
"jt_conac.3455","4.1.1.4","Impuestos al Comercio Exterior","Ingresos y Otros Beneficios","Ingresos de Gestión","Impuestos","jt_conac.3451"
"jt_conac.3456","4.1.1.5","Impuestos Sobre Nóminas y Asimilables","Ingresos y Otros Beneficios","Ingresos de Gestión","Impuestos","jt_conac.3451"
"jt_conac.3457","4.1.1.6","Impuestos Ecológicos","Ingresos y Otros Beneficios","Ingresos de Gestión","Impuestos","jt_conac.3451"
"jt_conac.3458","4.1.1.7","Accesorios de Impuestos","Ingresos y Otros Beneficios","Ingresos de Gestión","Impuestos","jt_conac.3451"
"jt_conac.3459","4.1.1.8","Impuestos no Comprendidos en la Ley de Ingresos Vigente, Causados en Ejercicios Fiscales Anteriores Pendientes de Liquidación o Pago","Ingresos y Otros Beneficios","Ingresos de Gestión","Impuestos","jt_conac.3451"
"jt_conac.3460","4.1.1.9","Otros Impuestos","Ingresos y Otros Beneficios","Ingresos de Gestión","Impuestos","jt_conac.3451"
"jt_conac.3461","4.1.2.0","Cuotas y Aportaciones de Seguridad Social","Ingresos y Otros Beneficios","Ingresos de Gestión","Cuotas y Aportaciones de Seguridad Social","jt_conac.3450"
"jt_conac.3462","4.1.2.1","Aportaciones para Fondos de Vivienda","Ingresos y Otros Beneficios","Ingresos de Gestión","Cuotas y Aportaciones de Seguridad Social","jt_conac.3461"
"jt_conac.3463","4.1.2.2","Cuotas para la Seguridad Social","Ingresos y Otros Beneficios","Ingresos de Gestión","Cuotas y Aportaciones de Seguridad Social","jt_conac.3461"
"jt_conac.3464","4.1.2.3","Cuotas de Ahorro para el Retiro","Ingresos y Otros Beneficios","Ingresos de Gestión","Cuotas y Aportaciones de Seguridad Social","jt_conac.3461"
"jt_conac.3465","4.1.2.4","Accesorios de Cuotas y Aportaciones de Seguridad Social","Ingresos y Otros Beneficios","Ingresos de Gestión","Cuotas y Aportaciones de Seguridad Social","jt_conac.3461"
"jt_conac.3466","4.1.2.9","Otras Cuotas y Aportaciones para la Seguridad Social","Ingresos y Otros Beneficios","Ingresos de Gestión","Cuotas y Aportaciones de Seguridad Social","jt_conac.3461"
"jt_conac.3467","4.1.3.0","Contribuciones de Mejoras","Ingresos y Otros Beneficios","Ingresos de Gestión","Contribuciones de Mejoras","jt_conac.3450"
"jt_conac.3468","4.1.3.1","Contribuciones de Mejoras por Obras Públicas","Ingresos y Otros Beneficios","Ingresos de Gestión","Contribuciones de Mejoras","jt_conac.3467"
"jt_conac.3469","4.1.3.2","Contribuciones de Mejoras no Comprendidas en la Ley de Ingresos Vigente, Causadas en Ejercicios Fiscales Anteriores Pendientes de Liquidación o Pago","Ingresos y Otros Beneficios","Ingresos de Gestión","Contribuciones de Mejoras","jt_conac.3467"
"jt_conac.3470","4.1.4.0","Derechos","Ingresos y Otros Beneficios","Ingresos de Gestión","Derechos","jt_conac.3450"
"jt_conac.3471","4.1.4.1","Derechos por el Uso, Goce, Aprovechamiento o Explotación de Bienes de Dominio Público","Ingresos y Otros Beneficios","Ingresos de Gestión","Derechos","jt_conac.3470"
"jt_conac.3472","4.1.4.2","Derechos a los Hidrocarburos (Derogada)","Ingresos y Otros Beneficios","Ingresos de Gestión","Derechos","jt_conac.3470"
"jt_conac.3473","4.1.4.3","Derechos por Prestación de Servicios","Ingresos y Otros Beneficios","Ingresos de Gestión","Derechos","jt_conac.3470"
"jt_conac.3474","4.1.4.4","Accesorios de Derechos","Ingresos y Otros Beneficios","Ingresos de Gestión","Derechos","jt_conac.3470"
"jt_conac.3475","4.1.4.5","Derechos no Comprendidos en la Ley de Ingresos Vigente, Causados en Ejercicios Fiscales Anteriores Pendientes de Liquidación o Pago","Ingresos y Otros Beneficios","Ingresos de Gestión","Derechos","jt_conac.3470"
"jt_conac.3476","4.1.4.9","Otros Derechos","Ingresos y Otros Beneficios","Ingresos de Gestión","Derechos","jt_conac.3470"
"jt_conac.3477","4.1.5.0","Productos","Ingresos y Otros Beneficios","Ingresos de Gestión","Productos","jt_conac.3450"
"jt_conac.3478","4.1.5.1","Productos","Ingresos y Otros Beneficios","Ingresos de Gestión","Productos","jt_conac.3477"
"jt_conac.3479","4.1.5.2","Enajenación de Bienes Muebles no Sujetos a ser Inventariados (Derogada)","Ingresos y Otros Beneficios","Ingresos de Gestión","Productos","jt_conac.3477"
"jt_conac.3480","4.1.5.3","Accesorios de Productos (Derogada)","Ingresos y Otros Beneficios","Ingresos de Gestión","Productos","jt_conac.3477"
"jt_conac.3481","4.1.5.4","Productos no Comprendidos en la Ley de Ingresos Vigente, Causados en Ejercicios Fiscales Anteriores Pendientes de Liquidación o Pago","Ingresos y Otros Beneficios","Ingresos de Gestión","Productos","jt_conac.3477"
"jt_conac.3482","4.1.5.9","Otros Productos que Generan Ingresos Corrientes (Derogada)","Ingresos y Otros Beneficios","Ingresos de Gestión","Productos","jt_conac.3477"
"jt_conac.3483","4.1.6.0","Aprovechamientos","Ingresos y Otros Beneficios","Ingresos de Gestión","Aprovechamientos","jt_conac.3450"
"jt_conac.3484","4.1.6.1","Incentivos Derivados de la Colaboración Fiscal (Derogada) ","Ingresos y Otros Beneficios","Ingresos de Gestión","Aprovechamientos","jt_conac.3483"
"jt_conac.3485","4.1.6.2","Multas","Ingresos y Otros Beneficios","Ingresos de Gestión","Aprovechamientos","jt_conac.3483"
"jt_conac.3486","4.1.6.3","Indemnizaciones","Ingresos y Otros Beneficios","Ingresos de Gestión","Aprovechamientos","jt_conac.3483"
"jt_conac.3487","4.1.6.4","Reintegros","Ingresos y Otros Beneficios","Ingresos de Gestión","Aprovechamientos","jt_conac.3483"
"jt_conac.3488","4.1.6.5","Aprovechamientos Provenientes de Obras Públicas","Ingresos y Otros Beneficios","Ingresos de Gestión","Aprovechamientos","jt_conac.3483"
"jt_conac.3489","4.1.6.6","Aprovechamientos no Comprendidos en la Ley de Ingresos Vigente, Causados en Ejercicios Fiscales Anteriores Pendientes de Liquidación o Pago","Ingresos y Otros Beneficios","Ingresos de Gestión","Aprovechamientos","jt_conac.3483"
"jt_conac.3490","4.1.6.7","Aprovechamientos por Aportaciones y Cooperaciones (Derogada)","Ingresos y Otros Beneficios","Ingresos de Gestión","Aprovechamientos","jt_conac.3483"
"jt_conac.3491","4.1.6.8","Accesorios de Aprovechamientos","Ingresos y Otros Beneficios","Ingresos de Gestión","Aprovechamientos","jt_conac.3483"
"jt_conac.3492","4.1.6.9","Otros Aprovechamientos","Ingresos y Otros Beneficios","Ingresos de Gestión","Aprovechamientos","jt_conac.3483"
"jt_conac.3493","4.1.7.0","Ingresos por Venta de Bienes y Prestación de Servicios","Ingresos y Otros Beneficios","Ingresos de Gestión","Ingresos por Venta de Bienes y Prestación de Servicios","jt_conac.3450"
"jt_conac.3494","4.1.7.1","Ingresos por Venta de Bienes y Prestación de Servicios de Instituciones Públicas de Seguridad Social","Ingresos y Otros Beneficios","Ingresos de Gestión","Ingresos por Venta de Bienes y Prestación de Servicios","jt_conac.3493"
"jt_conac.3495","4.1.7.2","Ingresos por Venta de Bienes y Prestación de Servicios de Empresas Productivas del Estado","Ingresos y Otros Beneficios","Ingresos de Gestión","Ingresos por Venta de Bienes y Prestación de Servicios","jt_conac.3493"
"jt_conac.3496","4.1.7.3","Ingresos por Venta de Bienes y Prestación de Servicios de Entidades Paraestatales y Fideicomisos No Empresariales y No Financieros","Ingresos y Otros Beneficios","Ingresos de Gestión","Ingresos por Venta de Bienes y Prestación de Servicios","jt_conac.3493"
"jt_conac.3497","4.1.7.4","Ingresos por Venta de Bienes y Prestación de Servicios de Entidades Paraestatales Empresariales No Financieras con Participación Estatal Mayoritaria","Ingresos y Otros Beneficios","Ingresos de Gestión","Ingresos por Venta de Bienes y Prestación de Servicios","jt_conac.3493"
"jt_conac.3498","4.1.7.5","Ingresos por Venta de Bienes y Prestación de Servicios de Entidades Paraestatales Empresariales Financieras Monetarias con Participación Estatal Mayoritaria","Ingresos y Otros Beneficios","Ingresos de Gestión","Ingresos por Venta de Bienes y Prestación de Servicios","jt_conac.3493"
"jt_conac.3499","4.1.7.6","Ingresos por Venta de Bienes y Prestación de Servicios de Entidades Paraestatales Empresariales Financieras No Monetarias con Participación Estatal Mayoritaria","Ingresos y Otros Beneficios","Ingresos de Gestión","Ingresos por Venta de Bienes y Prestación de Servicios","jt_conac.3493"
"jt_conac.3500","4.1.7.7","Ingresos por Venta de Bienes y Prestación de Servicios de Fideicomisos Financieros Públicos con Participación Estatal Mayoritaria","Ingresos y Otros Beneficios","Ingresos de Gestión","Ingresos por Venta de Bienes y Prestación de Servicios","jt_conac.3493"
"jt_conac.3501","4.1.7.8","Ingresos por Venta de Bienes y Prestación de Servicios de los Poderes Legislativo y Judicial, y de los Órganos Autónomos","Ingresos y Otros Beneficios","Ingresos de Gestión","Ingresos por Venta de Bienes y Prestación de Servicios","jt_conac.3493"
"jt_conac.3502","4.1.9.0","Ingresos no Comprendidos en las Fracciones de la Ley de Ingresos Causados en Ejercicios Fiscales Anteriores Pendientes de Liquidación o Pago","Ingresos y Otros Beneficios","Ingresos de Gestión","Ingresos no Comprendidos en las Fracciones de la Ley de Ingresos Causados en Ejercicios Fiscales Anteriores Pendientes de Liquidación o Pago","jt_conac.3450"
"jt_conac.3503","4.1.9.1","Impuestos no Comprendidos en las Fracciones de la Ley de Ingresos Causados en Ejercicios Fiscales Anteriores Pendientes de Liquidación o Pago (Derogada)","Ingresos y Otros Beneficios","Ingresos de Gestión","Ingresos no Comprendidos en las Fracciones de la Ley de Ingresos Causados en Ejercicios Fiscales Anteriores Pendientes de Liquidación o Pago","jt_conac.3502"
"jt_conac.3504","4.1.9.2","Contribuciones de Mejoras, Derechos, Productos y Aprovechamientos no Comprendidos en las Fracciones de la Ley de Ingresos Causados en Ejercicios Fiscales Anteriores Pendientes de Liquidación o Pago (Derogada)","Ingresos y Otros Beneficios","Ingresos de Gestión","Ingresos no Comprendidos en las Fracciones de la Ley de Ingresos Causados en Ejercicios Fiscales Anteriores Pendientes de Liquidación o Pago","jt_conac.3502"
"jt_conac.3505","4.2.0.0","Participaciones, Aportaciones, Convenios, Incentivos Derivados de la Colaboración Fiscal, Fondos Distintos de Aportaciones, Transferencias, Asignaciones, Subsidios y Subvenciones, y Pensiones y Jubilaciones","Ingresos y Otros Beneficios","Participaciones, Aportaciones, Convenios, Incentivos Derivados de la Colaboración Fiscal, Fondos Distintos de Aportaciones, Transferencias, Asignaciones, Subsidios y Subvenciones, y Pensiones y Jubilaciones","","jt_conac.3449"
"jt_conac.3506","4.2.1.0","Participaciones, Aportaciones, Convenios, Incentivos Derivados de la Colaboración Fiscal y Fondos Distintos de Aportaciones","Ingresos y Otros Beneficios","Participaciones, Aportaciones, Convenios, Incentivos Derivados de la Colaboración Fiscal, Fondos Distintos de Aportaciones, Transferencias, Asignaciones, Subsidios y Subvenciones, y Pensiones y Jubilaciones","Participaciones, Aportaciones, Convenios, Incentivos Derivados de la Colaboración Fiscal y Fondos Distintos de Aportaciones","jt_conac.3505"
"jt_conac.3507","4.2.1.1","Participaciones","Ingresos y Otros Beneficios","Participaciones, Aportaciones, Convenios, Incentivos Derivados de la Colaboración Fiscal, Fondos Distintos de Aportaciones, Transferencias, Asignaciones, Subsidios y Subvenciones, y Pensiones y Jubilaciones","Participaciones, Aportaciones, Convenios, Incentivos Derivados de la Colaboración Fiscal y Fondos Distintos de Aportaciones","jt_conac.3506"
"jt_conac.3508","4.2.1.2","Aportaciones","Ingresos y Otros Beneficios","Participaciones, Aportaciones, Convenios, Incentivos Derivados de la Colaboración Fiscal, Fondos Distintos de Aportaciones, Transferencias, Asignaciones, Subsidios y Subvenciones, y Pensiones y Jubilaciones","Participaciones, Aportaciones, Convenios, Incentivos Derivados de la Colaboración Fiscal y Fondos Distintos de Aportaciones","jt_conac.3506"
"jt_conac.3509","4.2.1.3","Convenios","Ingresos y Otros Beneficios","Participaciones, Aportaciones, Convenios, Incentivos Derivados de la Colaboración Fiscal, Fondos Distintos de Aportaciones, Transferencias, Asignaciones, Subsidios y Subvenciones, y Pensiones y Jubilaciones","Participaciones, Aportaciones, Convenios, Incentivos Derivados de la Colaboración Fiscal y Fondos Distintos de Aportaciones","jt_conac.3506"
"jt_conac.3510","4.2.1.4","Incentivos Derivados de la Colaboración Fiscal ","Ingresos y Otros Beneficios","Participaciones, Aportaciones, Convenios, Incentivos Derivados de la Colaboración Fiscal, Fondos Distintos de Aportaciones, Transferencias, Asignaciones, Subsidios y Subvenciones, y Pensiones y Jubilaciones","Participaciones, Aportaciones, Convenios, Incentivos Derivados de la Colaboración Fiscal y Fondos Distintos de Aportaciones","jt_conac.3506"
"jt_conac.3511","4.2.1.5","Fondos Distintos de Aportaciones","Ingresos y Otros Beneficios","Participaciones, Aportaciones, Convenios, Incentivos Derivados de la Colaboración Fiscal, Fondos Distintos de Aportaciones, Transferencias, Asignaciones, Subsidios y Subvenciones, y Pensiones y Jubilaciones","Participaciones, Aportaciones, Convenios, Incentivos Derivados de la Colaboración Fiscal y Fondos Distintos de Aportaciones","jt_conac.3506"
"jt_conac.3512","4.2.2.0","Transferencias, Asignaciones, Subsidios y Subvenciones, y Pensiones y Jubilaciones","Ingresos y Otros Beneficios","Participaciones, Aportaciones, Convenios, Incentivos Derivados de la Colaboración Fiscal, Fondos Distintos de Aportaciones, Transferencias, Asignaciones, Subsidios y Subvenciones, y Pensiones y Jubilaciones","Transferencias, Asignaciones, Subsidios y Subvenciones, y Pensiones y Jubilaciones","jt_conac.3505"
"jt_conac.3513","4.2.2.1","Transferencias y Asignaciones","Ingresos y Otros Beneficios","Participaciones, Aportaciones, Convenios, Incentivos Derivados de la Colaboración Fiscal, Fondos Distintos de Aportaciones, Transferencias, Asignaciones, Subsidios y Subvenciones, y Pensiones y Jubilaciones","Transferencias, Asignaciones, Subsidios y Subvenciones, y Pensiones y Jubilaciones","jt_conac.3512"
"jt_conac.3514","4.2.2.2","Transferencias al Resto del Sector Público (Derogada)","Ingresos y Otros Beneficios","Participaciones, Aportaciones, Convenios, Incentivos Derivados de la Colaboración Fiscal, Fondos Distintos de Aportaciones, Transferencias, Asignaciones, Subsidios y Subvenciones, y Pensiones y Jubilaciones","Transferencias, Asignaciones, Subsidios y Subvenciones, y Pensiones y Jubilaciones","jt_conac.3512"
"jt_conac.3515","4.2.2.3","Subsidios y Subvenciones","Ingresos y Otros Beneficios","Participaciones, Aportaciones, Convenios, Incentivos Derivados de la Colaboración Fiscal, Fondos Distintos de Aportaciones, Transferencias, Asignaciones, Subsidios y Subvenciones, y Pensiones y Jubilaciones","Transferencias, Asignaciones, Subsidios y Subvenciones, y Pensiones y Jubilaciones","jt_conac.3512"
"jt_conac.3516","4.2.2.4","Ayudas Sociales (Derogada)","Ingresos y Otros Beneficios","Participaciones, Aportaciones, Convenios, Incentivos Derivados de la Colaboración Fiscal, Fondos Distintos de Aportaciones, Transferencias, Asignaciones, Subsidios y Subvenciones, y Pensiones y Jubilaciones","Transferencias, Asignaciones, Subsidios y Subvenciones, y Pensiones y Jubilaciones","jt_conac.3512"
"jt_conac.3517","4.2.2.5","Pensiones y Jubilaciones","Ingresos y Otros Beneficios","Participaciones, Aportaciones, Convenios, Incentivos Derivados de la Colaboración Fiscal, Fondos Distintos de Aportaciones, Transferencias, Asignaciones, Subsidios y Subvenciones, y Pensiones y Jubilaciones","Transferencias, Asignaciones, Subsidios y Subvenciones, y Pensiones y Jubilaciones","jt_conac.3512"
"jt_conac.3518","4.2.2.6","Transferencias del Exterior (Derogada)","Ingresos y Otros Beneficios","Participaciones, Aportaciones, Convenios, Incentivos Derivados de la Colaboración Fiscal, Fondos Distintos de Aportaciones, Transferencias, Asignaciones, Subsidios y Subvenciones, y Pensiones y Jubilaciones","Transferencias, Asignaciones, Subsidios y Subvenciones, y Pensiones y Jubilaciones","jt_conac.3512"
"jt_conac.3519","4.2.2.7","Transferencias del Fondo Mexicano del Petróleo para la Estabilización y el Desarrollo","Ingresos y Otros Beneficios","Participaciones, Aportaciones, Convenios, Incentivos Derivados de la Colaboración Fiscal, Fondos Distintos de Aportaciones, Transferencias, Asignaciones, Subsidios y Subvenciones, y Pensiones y Jubilaciones","Transferencias, Asignaciones, Subsidios y Subvenciones, y Pensiones y Jubilaciones","jt_conac.3512"
"jt_conac.3520","4.3.0.0","Otros Ingresos y Beneficios","Ingresos y Otros Beneficios","Otros Ingresos y Beneficios","","jt_conac.3449"
"jt_conac.3521","4.3.1.0","Ingresos Financieros","Ingresos y Otros Beneficios","Otros Ingresos y Beneficios","Ingresos Financieros","jt_conac.3520"
"jt_conac.3522","4.3.1.1","Intereses Ganados de Títulos, Valores y demás Instrumentos Financieros","Ingresos y Otros Beneficios","Otros Ingresos y Beneficios","Ingresos Financieros","jt_conac.3521"
"jt_conac.3523","4.3.1.9","Otros Ingresos Financieros","Ingresos y Otros Beneficios","Otros Ingresos y Beneficios","Ingresos Financieros","jt_conac.3521"
"jt_conac.3524","4.3.2.0","Incremento por Variación de Inventarios","Ingresos y Otros Beneficios","Otros Ingresos y Beneficios","Incremento por Variación de Inventarios","jt_conac.3520"
"jt_conac.3525","4.3.2.1","Incremento por Variación de Inventarios de Mercancías para Venta","Ingresos y Otros Beneficios","Otros Ingresos y Beneficios","Incremento por Variación de Inventarios","jt_conac.3524"
"jt_conac.3526","4.3.2.2","Incremento por Variación de Inventarios de Mercancías Terminadas","Ingresos y Otros Beneficios","Otros Ingresos y Beneficios","Incremento por Variación de Inventarios","jt_conac.3524"
"jt_conac.3527","4.3.2.3","Incremento por Variación de Inventarios de Mercancías en Proceso de Elaboración","Ingresos y Otros Beneficios","Otros Ingresos y Beneficios","Incremento por Variación de Inventarios","jt_conac.3524"
"jt_conac.3528","4.3.2.4","Incremento por Variación de Inventarios de Materias Primas, Materiales y Suministros para Producción","Ingresos y Otros Beneficios","Otros Ingresos y Beneficios","Incremento por Variación de Inventarios","jt_conac.3524"
"jt_conac.3529","4.3.2.5","Incremento por Variación de Almacén de Materias Primas, Materiales y Suministros de Consumo","Ingresos y Otros Beneficios","Otros Ingresos y Beneficios","Incremento por Variación de Inventarios","jt_conac.3524"
"jt_conac.3530","4.3.3.0","Disminución del Exceso de Estimaciones por Pérdida o Deterioro u Obsolescencia","Ingresos y Otros Beneficios","Otros Ingresos y Beneficios","Disminución del Exceso de Estimaciones por Pérdida o Deterioro u Obsolescencia","jt_conac.3520"
"jt_conac.3531","4.3.3.1","Disminución del Exceso de Estimaciones por Pérdida o Deterioro u Obsolescencia","Ingresos y Otros Beneficios","Otros Ingresos y Beneficios","Disminución del Exceso de Estimaciones por Pérdida o Deterioro u Obsolescencia","jt_conac.3530"
"jt_conac.3532","4.3.4.0","Disminución del Exceso de Provisiones","Ingresos y Otros Beneficios","Otros Ingresos y Beneficios","Disminución del Exceso de Provisiones","jt_conac.3520"
"jt_conac.3533","4.3.4.1","Disminución del Exceso de Provisiones","Ingresos y Otros Beneficios","Otros Ingresos y Beneficios","Disminución del Exceso de Provisiones","jt_conac.3532"
"jt_conac.3534","4.3.9.0","Otros Ingresos y Beneficios Varios","Ingresos y Otros Beneficios","Otros Ingresos y Beneficios","Otros Ingresos y Beneficios Varios","jt_conac.3520"
"jt_conac.3535","4.3.9.1","Otros Ingresos de Ejercicios Anteriores (Derogada)","Ingresos y Otros Beneficios","Otros Ingresos y Beneficios","Otros Ingresos y Beneficios Varios","jt_conac.3534"
"jt_conac.3536","4.3.9.2","Bonificaciones y Descuentos Obtenidos","Ingresos y Otros Beneficios","Otros Ingresos y Beneficios","Otros Ingresos y Beneficios Varios","jt_conac.3534"
"jt_conac.3537","4.3.9.3","Diferencias por Tipo de Cambio a Favor","Ingresos y Otros Beneficios","Otros Ingresos y Beneficios","Otros Ingresos y Beneficios Varios","jt_conac.3534"
"jt_conac.3538","4.3.9.4","Diferencias de Cotizaciones a Favor en Valores Negociables","Ingresos y Otros Beneficios","Otros Ingresos y Beneficios","Otros Ingresos y Beneficios Varios","jt_conac.3534"
"jt_conac.3539","4.3.9.5","Resultado por Posición Monetaria","Ingresos y Otros Beneficios","Otros Ingresos y Beneficios","Otros Ingresos y Beneficios Varios","jt_conac.3534"
"jt_conac.3540","4.3.9.6","Utilidades por Participación Patrimonial","Ingresos y Otros Beneficios","Otros Ingresos y Beneficios","Otros Ingresos y Beneficios Varios","jt_conac.3534"
"jt_conac.3541","4.3.9.7","Diferencias por Reestructuración de Deuda Pública a Favor","Ingresos y Otros Beneficios","Otros Ingresos y Beneficios","Otros Ingresos y Beneficios Varios","jt_conac.3534"
"jt_conac.3542","4.3.9.9","Otros Ingresos y Beneficios Varios","Ingresos y Otros Beneficios","Otros Ingresos y Beneficios","Otros Ingresos y Beneficios Varios","jt_conac.3534"
"jt_conac.3543","5.0.0.0","Gastos y Otras Pérdidas","Gastos y Otras Pérdidas","","",""
"jt_conac.3544","5.1.0.0","Gastos de Funcionamiento","Gastos y Otras Pérdidas","Gastos de Funcionamiento","","jt_conac.3543"
"jt_conac.3545","5.1.1.0","Servicios Personales","Gastos y Otras Pérdidas","Gastos de Funcionamiento","Servicio Personales","jt_conac.3544"
"jt_conac.3546","5.1.1.1","Remuneraciones al Personal de Carácter Permanente","Gastos y Otras Pérdidas","Gastos de Funcionamiento","Servicio Personales","jt_conac.3545"
"jt_conac.3547","5.1.1.2","Remuneraciones al Personal de Carácter Transitorio","Gastos y Otras Pérdidas","Gastos de Funcionamiento","Servicio Personales","jt_conac.3545"
"jt_conac.3548","5.1.1.3","Remuneraciones Adicionales y Especiales","Gastos y Otras Pérdidas","Gastos de Funcionamiento","Servicio Personales","jt_conac.3545"
"jt_conac.3549","5.1.1.4","Seguridad Social","Gastos y Otras Pérdidas","Gastos de Funcionamiento","Servicio Personales","jt_conac.3545"
"jt_conac.3550","5.1.1.5","Otras Prestaciones Sociales y Económicas","Gastos y Otras Pérdidas","Gastos de Funcionamiento","Servicio Personales","jt_conac.3545"
"jt_conac.3551","5.1.1.6","Pago de Estímulos a Servidores Públicos","Gastos y Otras Pérdidas","Gastos de Funcionamiento","Servicio Personales","jt_conac.3545"
"jt_conac.3552","5.1.2.0","Materiales y Suministros","Gastos y Otras Pérdidas","Gastos de Funcionamiento","Materiales y Suministros","jt_conac.3544"
"jt_conac.3553","5.1.2.1","Materiales de Administración, Emisión de Documentos y Artículos Oficiales","Gastos y Otras Pérdidas","Gastos de Funcionamiento","Materiales y Suministros","jt_conac.3552"
"jt_conac.3554","5.1.2.2","Alimentos y Utensilios","Gastos y Otras Pérdidas","Gastos de Funcionamiento","Materiales y Suministros","jt_conac.3552"
"jt_conac.3555","5.1.2.3","Materias Primas y Materiales de Producción y Comercialización","Gastos y Otras Pérdidas","Gastos de Funcionamiento","Materiales y Suministros","jt_conac.3552"
"jt_conac.3556","5.1.2.4","Materiales y Artículos de Construcción y de Reparación","Gastos y Otras Pérdidas","Gastos de Funcionamiento","Materiales y Suministros","jt_conac.3552"
"jt_conac.3557","5.1.2.5","Productos Químicos, Farmacéuticos y de Laboratorio","Gastos y Otras Pérdidas","Gastos de Funcionamiento","Materiales y Suministros","jt_conac.3552"
"jt_conac.3558","5.1.2.6","Combustibles, Lubricantes y Aditivos","Gastos y Otras Pérdidas","Gastos de Funcionamiento","Materiales y Suministros","jt_conac.3552"
"jt_conac.3559","5.1.2.7","Vestuario, Blancos, Prendas de Protección y Artículos Deportivos","Gastos y Otras Pérdidas","Gastos de Funcionamiento","Materiales y Suministros","jt_conac.3552"
"jt_conac.3560","5.1.2.8","Materiales y Suministros para Seguridad","Gastos y Otras Pérdidas","Gastos de Funcionamiento","Materiales y Suministros","jt_conac.3552"
"jt_conac.3561","5.1.2.9","Herramientas, Refacciones y Accesorios Menores","Gastos y Otras Pérdidas","Gastos de Funcionamiento","Materiales y Suministros","jt_conac.3552"
"jt_conac.3562","5.1.3.0","Servicios Generales","Gastos y Otras Pérdidas","Gastos de Funcionamiento","Servicios Generales","jt_conac.3544"
"jt_conac.3563","5.1.3.1","Servicios Básicos","Gastos y Otras Pérdidas","Gastos de Funcionamiento","Servicios Generales","jt_conac.3562"
"jt_conac.3564","5.1.3.2","Servicios de Arrendamiento","Gastos y Otras Pérdidas","Gastos de Funcionamiento","Servicios Generales","jt_conac.3562"
"jt_conac.3565","5.1.3.3","Servicios Profesionales, Científicos, Técnicos y Otros Servicios","Gastos y Otras Pérdidas","Gastos de Funcionamiento","Servicios Generales","jt_conac.3562"
"jt_conac.3566","5.1.3.4","Servicios Financieros, Bancarios y Comerciales","Gastos y Otras Pérdidas","Gastos de Funcionamiento","Servicios Generales","jt_conac.3562"
"jt_conac.3567","5.1.3.5","Servicios de Instalación, Reparación, Mantenimiento y Conservación","Gastos y Otras Pérdidas","Gastos de Funcionamiento","Servicios Generales","jt_conac.3562"
"jt_conac.3568","5.1.3.6","Servicios de Comunicación Social y Publicidad","Gastos y Otras Pérdidas","Gastos de Funcionamiento","Servicios Generales","jt_conac.3562"
"jt_conac.3569","5.1.3.7","Servicios de Traslado y Viáticos","Gastos y Otras Pérdidas","Gastos de Funcionamiento","Servicios Generales","jt_conac.3562"
"jt_conac.3570","5.1.3.8","Servicios Oficiales","Gastos y Otras Pérdidas","Gastos de Funcionamiento","Servicios Generales","jt_conac.3562"
"jt_conac.3571","5.1.3.9","Otros Servicios Generales","Gastos y Otras Pérdidas","Gastos de Funcionamiento","Servicios Generales","jt_conac.3562"
"jt_conac.3572","5.2.0.0","Transferencias, Asignaciones, Subsidios y Otras Ayudas","Gastos y Otras Pérdidas","Transferencias, Asignaciones, Subsidios y Otras Ayudas","","jt_conac.3543"
"jt_conac.3573","5.2.1.0","Transferencias Internas y Asignaciones al Sector Público","Gastos y Otras Pérdidas","Transferencias, Asignaciones, Subsidios y Otras Ayudas","Transferencias Internas y Asignaciones al Sector Público","jt_conac.3572"
"jt_conac.3574","5.2.1.1","Asignaciones al Sector Público","Gastos y Otras Pérdidas","Transferencias, Asignaciones, Subsidios y Otras Ayudas","Transferencias Internas y Asignaciones al Sector Público","jt_conac.3573"
"jt_conac.3575","5.2.1.2","Transferencias Internas al Sector Público","Gastos y Otras Pérdidas","Transferencias, Asignaciones, Subsidios y Otras Ayudas","Transferencias Internas y Asignaciones al Sector Público","jt_conac.3573"
"jt_conac.3576","5.2.2.0","Transferencias al resto del Sector Público","Gastos y Otras Pérdidas","Transferencias, Asignaciones, Subsidios y Otras Ayudas","Transferencias al resto del Sector Público","jt_conac.3572"
"jt_conac.3577","5.2.2.1","Transferencias a Entidades Paraestatales","Gastos y Otras Pérdidas","Transferencias, Asignaciones, Subsidios y Otras Ayudas","Transferencias al resto del Sector Público","jt_conac.3576"
"jt_conac.3578","5.2.2.2","Transferencias a Entidades Federativas y Municipios","Gastos y Otras Pérdidas","Transferencias, Asignaciones, Subsidios y Otras Ayudas","Transferencias al resto del Sector Público","jt_conac.3576"
"jt_conac.3579","5.2.3.0","Subsidios y Subvenciones","Gastos y Otras Pérdidas","Transferencias, Asignaciones, Subsidios y Otras Ayudas","Subsidios y Subvenciones","jt_conac.3572"
"jt_conac.3580","5.2.3.1","Subsidios","Gastos y Otras Pérdidas","Transferencias, Asignaciones, Subsidios y Otras Ayudas","Subsidios y Subvenciones","jt_conac.3579"
"jt_conac.3581","5.2.3.2","Subvenciones","Gastos y Otras Pérdidas","Transferencias, Asignaciones, Subsidios y Otras Ayudas","Subsidios y Subvenciones","jt_conac.3579"
"jt_conac.3582","5.2.4.0","Ayudas Sociales","Gastos y Otras Pérdidas","Transferencias, Asignaciones, Subsidios y Otras Ayudas","Ayudas Sociales","jt_conac.3572"
"jt_conac.3583","5.2.4.1","Ayudas Sociales a Personas","Gastos y Otras Pérdidas","Transferencias, Asignaciones, Subsidios y Otras Ayudas","Ayudas Sociales","jt_conac.3582"
"jt_conac.3584","5.2.4.2","Becas","Gastos y Otras Pérdidas","Transferencias, Asignaciones, Subsidios y Otras Ayudas","Ayudas Sociales","jt_conac.3582"
"jt_conac.3585","5.2.4.3","Ayudas Sociales a Instituciones","Gastos y Otras Pérdidas","Transferencias, Asignaciones, Subsidios y Otras Ayudas","Ayudas Sociales","jt_conac.3582"
"jt_conac.3586","5.2.4.4","Ayudas Sociales por Desastres Naturales y Otros Siniestros","Gastos y Otras Pérdidas","Transferencias, Asignaciones, Subsidios y Otras Ayudas","Ayudas Sociales","jt_conac.3582"
"jt_conac.3587","5.2.5.0","Pensiones y Jubilaciones","Gastos y Otras Pérdidas","Transferencias, Asignaciones, Subsidios y Otras Ayudas","Pensiones y Jubilaciones","jt_conac.3572"
"jt_conac.3588","5.2.5.1","Pensiones","Gastos y Otras Pérdidas","Transferencias, Asignaciones, Subsidios y Otras Ayudas","Pensiones y Jubilaciones","jt_conac.3587"
"jt_conac.3589","5.2.5.2","Jubilaciones","Gastos y Otras Pérdidas","Transferencias, Asignaciones, Subsidios y Otras Ayudas","Pensiones y Jubilaciones","jt_conac.3587"
"jt_conac.3590","5.2.5.9","Otras Pensiones y Jubilaciones","Gastos y Otras Pérdidas","Transferencias, Asignaciones, Subsidios y Otras Ayudas","Pensiones y Jubilaciones","jt_conac.3587"
"jt_conac.3591","5.2.6.0","Transferencias a Fideicomisos, Mandatos y Contratos Análogos","Gastos y Otras Pérdidas","Transferencias, Asignaciones, Subsidios y Otras Ayudas","Transferencias a Fideicomisos, Mandatos y Contratos Análogos","jt_conac.3572"
"jt_conac.3592","5.2.6.1","Transferencias a Fideicomisos, Mandatos y Contratos Análogos al Gobierno","Gastos y Otras Pérdidas","Transferencias, Asignaciones, Subsidios y Otras Ayudas","Transferencias a Fideicomisos, Mandatos y Contratos Análogos","jt_conac.3591"
"jt_conac.3593","5.2.6.2","Transferencias a Fideicomisos, Mandatos y Contratos Análogos a Entidades Paraestatales","Gastos y Otras Pérdidas","Transferencias, Asignaciones, Subsidios y Otras Ayudas","Transferencias a Fideicomisos, Mandatos y Contratos Análogos","jt_conac.3591"
"jt_conac.3594","5.2.7.0","Transferencias a la Seguridad Social ","Gastos y Otras Pérdidas","Transferencias, Asignaciones, Subsidios y Otras Ayudas","Transferencias a la Seguridad Social ","jt_conac.3572"
"jt_conac.3595","5.2.7.1","Transferencias por obligaciones de Ley","Gastos y Otras Pérdidas","Transferencias, Asignaciones, Subsidios y Otras Ayudas","Transferencias a la Seguridad Social ","jt_conac.3594"
"jt_conac.3596","5.2.8.0","Donativos","Gastos y Otras Pérdidas","Transferencias, Asignaciones, Subsidios y Otras Ayudas","Donativos","jt_conac.3572"
"jt_conac.3597","5.2.8.1","Donativos a Instituciones sin Fines de Lucro","Gastos y Otras Pérdidas","Transferencias, Asignaciones, Subsidios y Otras Ayudas","Donativos","jt_conac.3596"
"jt_conac.3598","5.2.8.2","Donativos a Entidades Federativas y Municipios","Gastos y Otras Pérdidas","Transferencias, Asignaciones, Subsidios y Otras Ayudas","Donativos","jt_conac.3596"
"jt_conac.3599","5.2.8.3","Donativos a Fideicomisos, Mandatos y Contratos Análogos Privados","Gastos y Otras Pérdidas","Transferencias, Asignaciones, Subsidios y Otras Ayudas","Donativos","jt_conac.3596"
"jt_conac.3600","5.2.8.4","Donativos a Fideicomisos, Mandatos y Contratos Análogos Estatales","Gastos y Otras Pérdidas","Transferencias, Asignaciones, Subsidios y Otras Ayudas","Donativos","jt_conac.3596"
"jt_conac.3601","5.2.8.5","Donativos Internacionales","Gastos y Otras Pérdidas","Transferencias, Asignaciones, Subsidios y Otras Ayudas","Donativos","jt_conac.3596"
"jt_conac.3602","5.2.9.0","Transferencias al Exterior","Gastos y Otras Pérdidas","Transferencias, Asignaciones, Subsidios y Otras Ayudas","Transferencias al Exterior","jt_conac.3572"
"jt_conac.3603","5.2.9.1","Transferencias al Exterior a Gobiernos Extranjeros y Organismos Internacionales","Gastos y Otras Pérdidas","Transferencias, Asignaciones, Subsidios y Otras Ayudas","Transferencias al Exterior","jt_conac.3602"
"jt_conac.3604","5.2.9.2","Transferencias al Sector Privado Externo","Gastos y Otras Pérdidas","Transferencias, Asignaciones, Subsidios y Otras Ayudas","Transferencias al Exterior","jt_conac.3602"
"jt_conac.3605","5.3.0.0","Participaciones y Aportaciones","Gastos y Otras Pérdidas","Participaciones y Aportaciones","","jt_conac.3543"
"jt_conac.3606","5.3.1.0","Participaciones","Gastos y Otras Pérdidas","Participaciones y Aportaciones","Participaciones","jt_conac.3605"
"jt_conac.3607","5.3.1.1","Participaciones de la Federación a Entidades Federativas y Municipios","Gastos y Otras Pérdidas","Participaciones y Aportaciones","Participaciones","jt_conac.3606"
"jt_conac.3608","5.3.1.2","Participaciones de las Entidades Federativas a los Municipios","Gastos y Otras Pérdidas","Participaciones y Aportaciones","Participaciones","jt_conac.3606"
"jt_conac.3609","5.3.2.0","Aportaciones","Gastos y Otras Pérdidas","Participaciones y Aportaciones","Aportaciones","jt_conac.3605"
"jt_conac.3610","5.3.2.1","Aportaciones de la Federación a Entidades Federativas y Municipios","Gastos y Otras Pérdidas","Participaciones y Aportaciones","Aportaciones","jt_conac.3609"
"jt_conac.3611","5.3.2.2","Aportaciones de las Entidades Federativas a los Municipios","Gastos y Otras Pérdidas","Participaciones y Aportaciones","Aportaciones","jt_conac.3609"
"jt_conac.3612","5.3.3.0","Convenios","Gastos y Otras Pérdidas","Participaciones y Aportaciones","Convenios","jt_conac.3605"
"jt_conac.3613","5.3.3.1","Convenios de Reasignación","Gastos y Otras Pérdidas","Participaciones y Aportaciones","Convenios","jt_conac.3612"
"jt_conac.3614","5.3.3.2","Convenios de Descentralización y Otros","Gastos y Otras Pérdidas","Participaciones y Aportaciones","Convenios","jt_conac.3612"
"jt_conac.3615","5.4.0.0","Intereses, Comisiones y Otros Gastos de la Deuda Pública","Gastos y Otras Pérdidas","Intereses, Comisiones y Otros Gastos de la Deuda Pública","","jt_conac.3543"
"jt_conac.3616","5.4.1.0","Intereses de la Deuda Pública","Gastos y Otras Pérdidas","Intereses, Comisiones y Otros Gastos de la Deuda Pública","Intereses de la Deuda Pública","jt_conac.3615"
"jt_conac.3617","5.4.1.1","Intereses de la Deuda Pública Interna","Gastos y Otras Pérdidas","Intereses, Comisiones y Otros Gastos de la Deuda Pública","Intereses de la Deuda Pública","jt_conac.3616"
"jt_conac.3618","5.4.1.2","Intereses de la Deuda Pública Externa","Gastos y Otras Pérdidas","Intereses, Comisiones y Otros Gastos de la Deuda Pública","Intereses de la Deuda Pública","jt_conac.3616"
"jt_conac.3619","5.4.2.0","Comisiones de la Deuda Pública","Gastos y Otras Pérdidas","Intereses, Comisiones y Otros Gastos de la Deuda Pública","Comisiones de la Deuda Pública","jt_conac.3615"
"jt_conac.3620","5.4.2.1","Comisiones de la Deuda Pública Interna","Gastos y Otras Pérdidas","Intereses, Comisiones y Otros Gastos de la Deuda Pública","Comisiones de la Deuda Pública","jt_conac.3619"
"jt_conac.3621","5.4.2.2","Comisiones de la Deuda Pública Externa","Gastos y Otras Pérdidas","Intereses, Comisiones y Otros Gastos de la Deuda Pública","Comisiones de la Deuda Pública","jt_conac.3619"
"jt_conac.3622","5.4.3.0","Gastos de la Deuda Pública","Gastos y Otras Pérdidas","Intereses, Comisiones y Otros Gastos de la Deuda Pública","Gastos de la Deuda Pública","jt_conac.3615"
"jt_conac.3623","5.4.3.1","Gastos de la Deuda Pública Interna","Gastos y Otras Pérdidas","Intereses, Comisiones y Otros Gastos de la Deuda Pública","Gastos de la Deuda Pública","jt_conac.3622"
"jt_conac.3624","5.4.3.2","Gastos de la Deuda Pública Externa","Gastos y Otras Pérdidas","Intereses, Comisiones y Otros Gastos de la Deuda Pública","Gastos de la Deuda Pública","jt_conac.3622"
"jt_conac.3625","5.4.4.0","Costo por Coberturas","Gastos y Otras Pérdidas","Intereses, Comisiones y Otros Gastos de la Deuda Pública","Costo por Coberturas","jt_conac.3615"
"jt_conac.3626","5.4.4.1","Costo por Coberturas","Gastos y Otras Pérdidas","Intereses, Comisiones y Otros Gastos de la Deuda Pública","Costo por Coberturas","jt_conac.3625"
"jt_conac.3627","5.4.5.0","Apoyos Financieros","Gastos y Otras Pérdidas","Intereses, Comisiones y Otros Gastos de la Deuda Pública","Apoyos Financieros","jt_conac.3615"
"jt_conac.3628","5.4.5.1","Apoyos Financieros a Intermediarios","Gastos y Otras Pérdidas","Intereses, Comisiones y Otros Gastos de la Deuda Pública","Apoyos Financieros","jt_conac.3627"
"jt_conac.3629","5.4.5.2","Apoyos Financieros a Ahorradores y Deudores del Sistema Financiero Nacional","Gastos y Otras Pérdidas","Intereses, Comisiones y Otros Gastos de la Deuda Pública","Apoyos Financieros","jt_conac.3627"
"jt_conac.3630","5.5.0.0","Otros Gastos y Pérdidas Extraordinas","Gastos y Otras Pérdidas","Otros Gastos y Pérdidas Extraordinas","","jt_conac.3543"
"jt_conac.3631","5.5.1.0","Estimaciones, Depreciaciones, Deterioros, Obsolescencia y Amortizaciones","Gastos y Otras Pérdidas","Otros Gastos y Pérdidas Extraordinas","Estimaciones, Depreciaciones, Deterioros, Obsolescencia y Amortizaciones","jt_conac.3630"
"jt_conac.3632","5.5.1.1","Estimaciones por Pérdida o Deterioro de Activos Circulantes","Gastos y Otras Pérdidas","Otros Gastos y Pérdidas Extraordinas","Estimaciones, Depreciaciones, Deterioros, Obsolescencia y Amortizaciones","jt_conac.3631"
"jt_conac.3633","5.5.1.2","Estimaciones por Pérdida o Deterioro de Activo no Circulante","Gastos y Otras Pérdidas","Otros Gastos y Pérdidas Extraordinas","Estimaciones, Depreciaciones, Deterioros, Obsolescencia y Amortizaciones","jt_conac.3631"
"jt_conac.3634","5.5.1.3","Depreciación de Bienes Inmuebles","Gastos y Otras Pérdidas","Otros Gastos y Pérdidas Extraordinas","Estimaciones, Depreciaciones, Deterioros, Obsolescencia y Amortizaciones","jt_conac.3631"
"jt_conac.3635","5.5.1.4","Depreciación de Infraestructura","Gastos y Otras Pérdidas","Otros Gastos y Pérdidas Extraordinas","Estimaciones, Depreciaciones, Deterioros, Obsolescencia y Amortizaciones","jt_conac.3631"
"jt_conac.3636","5.5.1.5","Depreciación de Bienes Muebles","Gastos y Otras Pérdidas","Otros Gastos y Pérdidas Extraordinas","Estimaciones, Depreciaciones, Deterioros, Obsolescencia y Amortizaciones","jt_conac.3631"
"jt_conac.3637","5.5.1.6","Deterioro de los Activos Biológicos","Gastos y Otras Pérdidas","Otros Gastos y Pérdidas Extraordinas","Estimaciones, Depreciaciones, Deterioros, Obsolescencia y Amortizaciones","jt_conac.3631"
"jt_conac.3638","5.5.1.7","Amortización de Activos Intangibles","Gastos y Otras Pérdidas","Otros Gastos y Pérdidas Extraordinas","Estimaciones, Depreciaciones, Deterioros, Obsolescencia y Amortizaciones","jt_conac.3631"
"jt_conac.3639","5.5.1.8","Disminución de Bienes por pérdida, obsolescencia y deterioro","Gastos y Otras Pérdidas","Otros Gastos y Pérdidas Extraordinas","Estimaciones, Depreciaciones, Deterioros, Obsolescencia y Amortizaciones","jt_conac.3631"
"jt_conac.3640","5.5.2.0","Provisiones","Gastos y Otras Pérdidas","Otros Gastos y Pérdidas Extraordinas","Provisiones","jt_conac.3630"
"jt_conac.3641","5.5.2.1","Provisiones de Pasivos a Corto Plazo","Gastos y Otras Pérdidas","Otros Gastos y Pérdidas Extraordinas","Provisiones","jt_conac.3640"
"jt_conac.3642","5.5.2.2","Provisiones de Pasivos a Largo Plazo","Gastos y Otras Pérdidas","Otros Gastos y Pérdidas Extraordinas","Provisiones","jt_conac.3640"
"jt_conac.3643","5.5.3.0","Disminución de Inventarios","Gastos y Otras Pérdidas","Otros Gastos y Pérdidas Extraordinas","Disminución de Inventarios","jt_conac.3630"
"jt_conac.3644","5.5.3.1","Disminución de Inventarios de Mercancías para Venta","Gastos y Otras Pérdidas","Otros Gastos y Pérdidas Extraordinas","Disminución de Inventarios","jt_conac.3643"
"jt_conac.3645","5.5.3.2","Disminución de Inventarios de Mercancías Terminadas","Gastos y Otras Pérdidas","Otros Gastos y Pérdidas Extraordinas","Disminución de Inventarios","jt_conac.3643"
"jt_conac.3646","5.5.3.3","Disminución de Inventarios de Mercancías en Proceso de Elaboración","Gastos y Otras Pérdidas","Otros Gastos y Pérdidas Extraordinas","Disminución de Inventarios","jt_conac.3643"
"jt_conac.3647","5.5.3.4","Disminución de Inventarios de Materias Primas, Materiales y Suministros para Producción","Gastos y Otras Pérdidas","Otros Gastos y Pérdidas Extraordinas","Disminución de Inventarios","jt_conac.3643"
"jt_conac.3648","5.5.4.0","Aumento por Insuficiencia de Estimaciones por Pérdida o Deterioro u Obsolescencia","Gastos y Otras Pérdidas","Otros Gastos y Pérdidas Extraordinas","Aumento por Insuficiencia de Estimaciones por Pérdida o Deterioro u Obsolescencia","jt_conac.3630"
"jt_conac.3649","5.5.4.1","Aumento por Insuficiencia de Estimaciones por Pérdida o Deterioro u Obsolescencia","Gastos y Otras Pérdidas","Otros Gastos y Pérdidas Extraordinas","Aumento por Insuficiencia de Estimaciones por Pérdida o Deterioro u Obsolescencia","jt_conac.3648"
"jt_conac.3650","5.5.5.0","Aumento por Insuficiencia de Provisiones","Gastos y Otras Pérdidas","Otros Gastos y Pérdidas Extraordinas","Aumento por Insuficiencia de Provisiones","jt_conac.3630"
"jt_conac.3651","5.5.5.1","Aumento por Insuficiencia de Provisiones","Gastos y Otras Pérdidas","Otros Gastos y Pérdidas Extraordinas","Aumento por Insuficiencia de Provisiones","jt_conac.3650"
"jt_conac.3652","5.5.9.0","Otros Gastos","Gastos y Otras Pérdidas","Otros Gastos y Pérdidas Extraordinarias","Otros Gastos","jt_conac.3630"
"jt_conac.3653","5.5.9.1","Gastos de Ejercicios Anteriores","Gastos y Otras Pérdidas","Otros Gastos y Pérdidas Extraordinarias","Gastos de Ejercicios Anteriores","jt_conac.3652"
"jt_conac.3654","5.5.9.2","Pérdidas por Responsabilidades","Gastos y Otras Pérdidas","Otros Gastos y Pérdidas Extraordinarias","Pérdidas por Responsabilidades","jt_conac.3652"
"jt_conac.3655","5.5.9.3","Bonificaciones y Descuentos Otorgados","Gastos y Otras Pérdidas","Otros Gastos y Pérdidas Extraordinarias","Bonificaciones y Descuentos Otorgados","jt_conac.3652"
"jt_conac.3656","5.5.9.4","Diferencias por Tipo de Cambio Negativas","Gastos y Otras Pérdidas","Otros Gastos y Pérdidas Extraordinarias","Diferencias por Tipo de Cambio Negativas","jt_conac.3652"
"jt_conac.3657","5.5.9.5","Diferencias de Cotizaciones Negativas en Valores Negociables","Gastos y Otras Pérdidas","Otros Gastos y Pérdidas Extraordinarias","Diferencias de Cotizaciones Negativas en Valores Negociables","jt_conac.3652"
"jt_conac.3658","5.5.9.6","Resultado por Posición Monetaria","Gastos y Otras Pérdidas","Otros Gastos y Pérdidas Extraordinarias","Resultado por Posición Monetaria","jt_conac.3652"
"jt_conac.3659","5.5.9.7","Pérdidas por Participación Patrimonial","Gastos y Otras Pérdidas","Otros Gastos y Pérdidas Extraordinarias","Pérdidas por Participación Patrimonial","jt_conac.3652"
"jt_conac.3660","5.5.9.8","Diferencias por Reestructuración de Deuda Pública Negativas","Gastos y Otras Pérdidas","Otros Gastos y Pérdidas Extraordinarias","Diferencias por Reestructuración de Deuda Pública Negativas","jt_conac.3652"
"jt_conac.3661","5.5.9.9","Otros Gastos Varios","Gastos y Otras Pérdidas","Otros Gastos y Pérdidas Extraordinarias","Otros Gastos Varios","jt_conac.3652"
"jt_conac.3662","5.6.0.0","Inversión Pública","Gastos y Otras Pérdidas","Inversión Pública","","jt_conac.3543"
"jt_conac.3663","5.6.1.0","Inversión Pública no Capitalizable","Gastos y Otras Pérdidas","Inversión Pública","Inversión Pública no Capitalizable","jt_conac.3662"
"jt_conac.3664","5.6.1.1","Construcción en Bienes no Capitalizable","Gastos y Otras Pérdidas","Inversión Pública","Inversión Pública no Capitalizable","jt_conac.3663"
"jt_conac.3665","6.0.0.0","Cuentas de Cierre Contable","Cuentas de Cierre Contable","","",""
"jt_conac.3666","6.1.0.0","Resumen de Ingresos y Gastos","Cuentas de Cierre Contable","Resumen de Ingresos y Gastos","","jt_conac.3665"
"jt_conac.3667","6.2.0.0","Ahorro de la Gestión","Cuentas de Cierre Contable","Ahorro de la Gestión","","jt_conac.3665"
"jt_conac.3668","6.3.0.0","Desahorro de la Gestión","Cuentas de Cierre o Corte Contable","Desahorro de la Gestión","","jt_conac.3665"
"jt_conac.3669","7.0.0.0","Cuentas de Orden Contables","Cuentas de Orden Contables","","",""
"jt_conac.3670","7.1.0.0","Valores","Cuentas de Orden Contables","Valores","","jt_conac.3669"
"jt_conac.3671","7.1.1.0","Valores en Custodia","Cuentas de Orden Contables","Valores","Valores en Custodia","jt_conac.3670"
"jt_conac.3672","7.1.2.0","Custodia de Valores","Cuentas de Orden Contables","Valores","Custodia de Valores","jt_conac.3670"
"jt_conac.3673","7.1.3.0","Instrumentos de Crédito Prestados a Formadores de Mercado","Cuentas de Orden Contables","Valores","Instrumentos de Crédito Prestados a Formadores de Mercado","jt_conac.3670"
"jt_conac.3674","7.1.4.0","Préstamo de Instrumentos de Crédito a Formadores de Mercado y su Garantía","Cuentas de Orden Contables","Valores","Préstamo de Instrumentos de Crédito a Formadores de Mercado y su Garantía","jt_conac.3670"
"jt_conac.3675","7.1.5.0","Instrumentos de Crédito Recibidos en Garantía de los Formadores de Mercado","Cuentas de Orden Contables","Valores","Instrumentos de Crédito Recibidos en Garantía de los Formadores de Mercado","jt_conac.3670"
"jt_conac.3676","7.1.6.0","Garantía de Créditos Recibidos de los Formadores de Mercado.","Cuentas de Orden Contables","Valores","Garantía de Créditos Recibidos de los Formadores de Mercado.","jt_conac.3670"
"jt_conac.3677","7.2.0.0","Emisión de Obligaciones","Cuentas de Orden Contables","Emisión de Obligaciones","","jt_conac.3669"
"jt_conac.3678","7.2.1.0","Autorización para la Emisión de Bonos, Títulos y Valores de la Deuda Pública Interna","Cuentas de Orden Contables","Emisión de Obligaciones","Autorización para la Emisión de Bonos, Títulos y Valores de la Deuda Pública Interna","jt_conac.3677"
"jt_conac.3679","7.2.2.0","Autorización para la Emisión de Bonos, Títulos y Valores de la Deuda Pública Externa","Cuentas de Orden Contables","Emisión de Obligaciones","Autorización para la Emisión de Bonos, Títulos y Valores de la Deuda Pública Externa","jt_conac.3677"
"jt_conac.3680","7.2.3.0","Emisiones Autorizadas de la Deuda Pública Interna y Externa","Cuentas de Orden Contables","Emisión de Obligaciones","Emisiones Autorizadas de la Deuda Pública Interna y Externa","jt_conac.3677"
"jt_conac.3681","7.2.4.0","Suscripción de Contratos de Préstamos y Otras Obligaciones de la Deuda Pública Interna","Cuentas de Orden Contables","Emisión de Obligaciones","Suscripción de Contratos de Préstamos y Otras Obligaciones de la Deuda Pública Interna","jt_conac.3677"
"jt_conac.3682","7.2.5.0","Suscripción de Contratos de Préstamos y Otras Obligaciones de la Deuda Pública Externa","Cuentas de Orden Contables","Emisión de Obligaciones","Suscripción de Contratos de Préstamos y Otras Obligaciones de la Deuda Pública Externa","jt_conac.3677"
"jt_conac.3683","7.2.6.0","Contratos de Préstamos y Otras Obligaciones de la Deuda Pública Interna y Externa","Cuentas de Orden Contables","Emisión de Obligaciones","Contratos de Préstamos y Otras Obligaciones de la Deuda Pública Interna y Externa","jt_conac.3677"
"jt_conac.3684","7.3.0.0","Avales y Garantías","Cuentas de Orden Contable","Avales y Garantías","","jt_conac.3669"
"jt_conac.3685","7.3.1.0","Avales Autorizados","Cuentas de Orden Contable","Avales y Garantías","Avales Autorizados","jt_conac.3684"
"jt_conac.3686","7.3.2.0","Avales Firmados","Cuentas de Orden Contable","Avales y Garantías","Avales Firmados","jt_conac.3684"
"jt_conac.3687","7.3.3.0","Fianzas y Garantías Recibidas por Deudas a Cobrar","Cuentas de Orden Contable","Avales y Garantías","Fianzas y Garantías Recibidas por Deudas a Cobrar","jt_conac.3684"
"jt_conac.3688","7.3.4.0","Fianzas y Garantías Recibidas","Cuentas de Orden Contable","Avales y Garantías","Fianzas y Garantías Recibidas","jt_conac.3684"
"jt_conac.3689","7.3.5.0","Fianzas Otorgadas para Respaldar Obligaciones no Fiscales del Gobierno","Cuentas de Orden Contable","Avales y Garantías","Fianzas Otorgadas para Respaldar Obligaciones no Fiscales del Gobierno","jt_conac.3684"
"jt_conac.3690","7.3.6.0","Fianzas Otorgadas del Gobierno para respaldar Obligaciones no Fiscales","Cuentas de Orden Contable","Avales y Garantías","Fianzas Otorgadas","jt_conac.3684"
"jt_conac.3691","7.4.0.0","Juicios","Cuentas de Orden Contable","Juicios","","jt_conac.3669"
"jt_conac.3692","7.4.1.0","Demandas Judiciales en Proceso de Resolución","Cuentas de Orden Contable","Juicios","Demandas Judiciales en Proceso de Resolución","jt_conac.3691"
"jt_conac.3693","7.4.2.0","Resoluciones de Demandas en Procesos Judiciales","Cuentas de Orden Contable","Juicios","Resoluciones de Demandas en Procesos Judiciales","jt_conac.3691"
"jt_conac.3694","7.5.0.0","Inversión mediante proyectos para prestación de servicios (PPS) y Simlares","Cuentas de Orden Contable","Inversión mediante proyectos para prestación de servicios (PPS) y Simlares","","jt_conac.3669"
"jt_conac.3695","7.5.1.0","Contratos para Inversión Pública Mediante Proyectos para prestación de Servicios (PPS) y Similares","Cuentas de Orden Contable","Inversión mediante proyectos para prestación de servicios (PPS) y Simlares","Contratos para Inversión Pública Mediante Proyectos para prestación de Servicios (PPS) y Similares","jt_conac.3694"
"jt_conac.3696","7.5.2.0","Inversión Pública Contratada Mediante Proyectos para prestación de Servicios (PPS) y Similares","Cuentas de Orden Contable","Inversión mediante proyectos para prestación de servicios (PPS) y Simlares","Inversión Pública Contratada Mediante Proyectos para prestación de Servicios (PPS) y Similares","jt_conac.3694"
"jt_conac.3697","7.6.0.0","Bienes en Concesionados o en comodato","Cuentas de Orden Contable","Bienes en Concesionados o en comodato","","jt_conac.3669"
"jt_conac.3698","7.6.1.0","Bienes Bajo Contrato en Concesión","Cuentas de Orden Contable","Bienes en Concesionados o en comodato","Bienes Bajo Contrato en Concesión","jt_conac.3697"
"jt_conac.3699","7.6.2.0","Contrato de Concesión por Bienes","Cuentas de Orden Contable","Contrato de Concesión por bienes","Contrato de Concesión por Bienes","jt_conac.3697"
"jt_conac.3700","7.6.3.0","Bienes Bajo Contrato en Comodato","Cuentas de Orden Contable","Bienes Bajo Contrato en Comodato","Bienes Bajo Contrato en Comodato","jt_conac.3697"
"jt_conac.3701","7.6.4.0","Contrato de Comodato por Bienes","Cuentas de Orden Contable","Contrato de Comodato por Bienes","Contrato de Comodato por Bienes","jt_conac.3697"
"jt_conac.3702","8.0.0.0","Cuentas de Orden Presupuestarias","Cuentas de Orden Presupuestarias","","",""
"jt_conac.3703","8.1.0.0","Ley de Ingresos","Cuentas de Orden Presupuestarias","Ley de Ingresos","","jt_conac.3702"
"jt_conac.3704","8.1.1.0","Ley de Ingresos Estimada","Cuentas de Orden Presupuestarias","Ley de Ingresos","Ley de Ingresos Estimada","jt_conac.3703"
"jt_conac.3705","8.1.2.0","Ley de Ingresos por Ejecutar","Cuentas de Orden Presupuestarias","Ley de Ingresos","Ley de Ingresos por Ejecutar","jt_conac.3703"
"jt_conac.3706","8.1.3.0","Modificaciones a la Ley de Ingresos Estimada","Cuentas de Orden Presupuestarias","Ley de Ingresos","Modificaciones a la Ley de Ingresos Estimada","jt_conac.3703"
"jt_conac.3707","8.1.4.0","Ley de Ingresos Devengada","Cuentas de Orden Presupuestarias","Ley de Ingresos","Ley de Ingresos Devengada","jt_conac.3703"
"jt_conac.3708","8.1.5.0","Ley de Ingresos Recaudada","Cuentas de Orden Presupuestarias","Ley de Ingresos","Ley de Ingresos Recaudada","jt_conac.3703"
"jt_conac.3709","8.2.0.0","Presupuesto de Egresos","Cuentas de Orden Presupuestarias","Presupuesto de Egresos","","jt_conac.3702"
"jt_conac.3710","8.2.1.0","Presupuesto de Egresos Aprobado","Cuentas de Orden Presupuestarias","Presupuesto de Egresos","Presupuesto de Egresos Aprobado","jt_conac.3709"
"jt_conac.3711","8.2.2.0","Presupuesto de Egresos por Ejercer","Cuentas de Orden Presupuestarias","Presupuesto de Egresos","Presupuesto de Egresos por Ejercer","jt_conac.3709"
"jt_conac.3712","8.2.3.0","Presupuesto Modificado","Cuentas de Orden Presupuestarias","Presupuesto de Egresos","Modificaciones al Presupuesto de Egresos Aprobado","jt_conac.3709"
"jt_conac.3713","8.2.4.0","Presupuesto de Egresos Comprometido","Cuentas de Orden Presupuestarias","Presupuesto de Egresos","Presupuesto de Egresos Comprometido","jt_conac.3709"
"jt_conac.3714","8.2.5.0","Presupuesto de Egresos Devengado","Cuentas de Orden Presupuestarias","Presupuesto de Egresos","Presupuesto de Egresos Devengado","jt_conac.3709"
"jt_conac.3715","8.2.6.0","Presupuesto de Egresos Ejercido","Cuentas de Orden Presupuestarias","Presupuesto de Egresos","Presupuesto de Egresos Ejercido","jt_conac.3709"
"jt_conac.3716","8.2.7.0","Presupuesto de Egresos Pagado","Cuentas de Orden Presupuestarias","Presupuesto de Egresos","Presupuesto de Egresos Pagado","jt_conac.3709"
"jt_conac.3717","9.0.0.0","Cuentas Cierre  Presupuestario","Cuentas de Cierre  Presupuestario","","",""
"jt_conac.3718","9.1.0.0","Superávit Financiero","Cuentas de Cierre  Presupuestario","Superávit Financiero","","jt_conac.3717"
"jt_conac.3719","9.2.0.0","Déficit Financiero","Cuentas de Cierre  Presupuestario","Déficit Financiero","","jt_conac.3717"
"jt_conac.3720","9.3.0.0","Adeudos de Ejercicios Fiscales Anteriores","Cuentas de Cierre  Presupuestario","Adeudos de Ejercicios Fiscales Anteriores","","jt_conac.3717"
