id,chapter,name,heading,concept
"429","1000","SERVICIOS PERSONALES","",""
"430","1100","REMUNERACIONES AL PERSONAL DE CARÁCTER PERMANENTE","",""
"431","1100","REMUNERACIONES AL PERSONAL DE CARÁCTER PERMANENTE","111","Dietas"
"432","1100","REMUNERACIONES AL PERSONAL DE CARÁCTER PERMANENTE","112","Haberes"
"433","1100","REMUNERACIONES AL PERSONAL DE CARÁCTER PERMANENTE","113","Sueldos base al personal permanente"
"434","1100","REMUNERACIONES AL PERSONAL DE CARÁCTER PERMANENTE","114","Remuneraciones por adscripción laboral en el extranjero"
"435","1200","REMUNERACIONES AL PERSONAL DE CARÁCTER TRANSITORIO","",""
"436","1200","REMUNERACIONES AL PERSONAL DE CARÁCTER TRANSITORIO","121","Honorarios asimilables a salarios"
"437","1200","REMUNERACIONES AL PERSONAL DE CARÁCTER TRANSITORIO","122","Sueldos base al personal eventual"
"438","1200","REMUNERACIONES AL PERSONAL DE CARÁCTER TRANSITORIO","123","Retribuciones por servicios de carácter social"
"439","1200","REMUNERACIONES AL PERSONAL DE CARÁCTER TRANSITORIO","124","Retribución a los representantes de los trabajadores y de los patrones en la Junta de Conciliación y Arbitraje"
"440","1300","REMUNERACIONES ADICIONALES Y ESPECIALES","",""
"441","1300","REMUNERACIONES ADICIONALES Y ESPECIALES","131","Primas por años de servicios efectivos prestados"
"442","1300","REMUNERACIONES ADICIONALES Y ESPECIALES","132","Primas de vacaciones, dominical y gratificación de fin de año"
"443","1300","REMUNERACIONES ADICIONALES Y ESPECIALES","133","Horas extraordinarias"
"444","1300","REMUNERACIONES ADICIONALES Y ESPECIALES","134","Compensaciones"
"445","1300","REMUNERACIONES ADICIONALES Y ESPECIALES","135","Sobrehaberes"
"446","1300","REMUNERACIONES ADICIONALES Y ESPECIALES","136","Asignaciones de técnico, de mando, por comisión, de vuelo y de técnico especial"
"447","1300","REMUNERACIONES ADICIONALES Y ESPECIALES","137","Honorarios especiales"
"448","1300","REMUNERACIONES ADICIONALES Y ESPECIALES","138","Participaciones por vigilancia en el cumplimiento de las leyes y custodia de valores"
"449","1400","SEGURIDAD SOCIAL","",""
"450","1400","SEGURIDAD SOCIAL","141","Aportaciones de seguridad social"
"451","1400","SEGURIDAD SOCIAL","142","Aportaciones a fondos de vivienda"
"452","1400","SEGURIDAD SOCIAL","143","Aportaciones al sistema para el retiro"
"453","1400","SEGURIDAD SOCIAL","144","Aportaciones para seguros"
"454","1500","OTRAS PRESTACIONES SOCIALES Y ECONÓMICAS","",""
"455","1500","OTRAS PRESTACIONES SOCIALES Y ECONÓMICAS","151","Cuotas para el fondo de ahorro y fondo de trabajo"
"456","1500","OTRAS PRESTACIONES SOCIALES Y ECONÓMICAS","152","Indemnizaciones"
"457","1500","OTRAS PRESTACIONES SOCIALES Y ECONÓMICAS","153","Prestaciones y haberes de retiro"
"458","1500","OTRAS PRESTACIONES SOCIALES Y ECONÓMICAS","154","Prestaciones contractuales"
"459","1500","OTRAS PRESTACIONES SOCIALES Y ECONÓMICAS","155","Apoyos a la capacitación de los servidores públicos"
"460","1500","OTRAS PRESTACIONES SOCIALES Y ECONÓMICAS","159","Otras prestaciones sociales y económicas"
"461","1600","PREVISIONES","",""
"462","1600","PREVISIONES","161","Previsiones de carácter laboral, económica y de seguridad social"
"463","1700","PAGO DE ESTIMULOS A SERVIDORES PUBLICOS","",""
"464","1700","PAGO DE ESTIMULOS A SERVIDORES PUBLICOS","171","Estímulos"
"465","1700","PAGO DE ESTIMULOS A SERVIDORES PUBLICOS","172","Recompensas"
"466","2000","MATERIALES Y SUMINISTROS","",""
"467","2100","MATERIALES DE ADMINISTRACIÓN, EMISIÓN DE DOCUMENTOS Y ARTÍCULOS OFICIALES","",""
"468","2100","MATERIALES DE ADMINISTRACIÓN, EMISIÓN DE DOCUMENTOS Y ARTÍCULOS OFICIALES","211","Materiales, útiles y equipos menores de oficina"
"469","2100","MATERIALES DE ADMINISTRACIÓN, EMISIÓN DE DOCUMENTOS Y ARTÍCULOS OFICIALES","212","Materiales y útiles de impresión y reproducción"
"470","2100","MATERIALES DE ADMINISTRACIÓN, EMISIÓN DE DOCUMENTOS Y ARTÍCULOS OFICIALES","213","Material estadístico y geográfico"
"471","2100","MATERIALES DE ADMINISTRACIÓN, EMISIÓN DE DOCUMENTOS Y ARTÍCULOS OFICIALES","214","Materiales, útiles y equipos menores de tecnologías de la información y comunicaciones"
"472","2100","MATERIALES DE ADMINISTRACIÓN, EMISIÓN DE DOCUMENTOS Y ARTÍCULOS OFICIALES","215","Material impreso e información digital"
"473","2100","MATERIALES DE ADMINISTRACIÓN, EMISIÓN DE DOCUMENTOS Y ARTÍCULOS OFICIALES","216","Material de limpieza"
"474","2100","MATERIALES DE ADMINISTRACIÓN, EMISIÓN DE DOCUMENTOS Y ARTÍCULOS OFICIALES","217","Materiales y útiles de enseñanza"
"475","2100","MATERIALES DE ADMINISTRACIÓN, EMISIÓN DE DOCUMENTOS Y ARTÍCULOS OFICIALES","218","Materiales para el registro e identificación de bienes y personas"
"476","2200","ALIMENTOS Y UTENSILIOS","",""
"477","2200","ALIMENTOS Y UTENSILIOS","221","Productos alimenticios para personas"
"478","2200","ALIMENTOS Y UTENSILIOS","222","Productos alimenticios para animales"
"479","2200","ALIMENTOS Y UTENSILIOS","223","Utensilios para el servicio de alimentación"
"480","2300","MATERIAS PRIMAS Y MATERIALES DE PRODUCCIÓN Y COMERCIALIZACIÓN","",""
"481","2300","MATERIAS PRIMAS Y MATERIALES DE PRODUCCIÓN Y COMERCIALIZACIÓN","231","Productos alimenticios, agropecuarios y forestales adquiridos como materia prima"
"482","2300","MATERIAS PRIMAS Y MATERIALES DE PRODUCCIÓN Y COMERCIALIZACIÓN","232","Insumos textiles adquiridos como materia prima"
"483","2300","MATERIAS PRIMAS Y MATERIALES DE PRODUCCIÓN Y COMERCIALIZACIÓN","233","Productos de papel, cartón e impresos adquiridos como materia prima"
"484","2300","MATERIAS PRIMAS Y MATERIALES DE PRODUCCIÓN Y COMERCIALIZACIÓN","234","Combustibles, lubricantes, aditivos, carbón y sus derivados adquiridos como materia prima"
"485","2300","MATERIAS PRIMAS Y MATERIALES DE PRODUCCIÓN Y COMERCIALIZACIÓN","235","Productos químicos, farmacéuticos y de laboratorio adquiridos como materia prima"
"486","2300","MATERIAS PRIMAS Y MATERIALES DE PRODUCCIÓN Y COMERCIALIZACIÓN","236","Productos metálicos y a base de minerales no metálicos adquiridos como materia prima"
"487","2300","MATERIAS PRIMAS Y MATERIALES DE PRODUCCIÓN Y COMERCIALIZACIÓN","237","Productos de cuero, piel, plástico y hule adquiridos como materia prima"
"488","2300","MATERIAS PRIMAS Y MATERIALES DE PRODUCCIÓN Y COMERCIALIZACIÓN","238","Mercancías adquiridas para su comercialización"
"489","2300","MATERIAS PRIMAS Y MATERIALES DE PRODUCCIÓN Y COMERCIALIZACIÓN","239","Otros productos adquiridos como materia prima"
"490","2400","MATERIALES Y ARTÍCULOS DE CONSTRUCCIÓN Y DE REPARACIÓN","",""
"491","2400","MATERIALES Y ARTÍCULOS DE CONSTRUCCIÓN Y DE REPARACIÓN","241","Productos minerales no metálicos"
"492","2400","MATERIALES Y ARTÍCULOS DE CONSTRUCCIÓN Y DE REPARACIÓN","242","Cemento y productos de concreto"
"493","2400","MATERIALES Y ARTÍCULOS DE CONSTRUCCIÓN Y DE REPARACIÓN","243","Cal, yeso y productos de yeso"
"494","2400","MATERIALES Y ARTÍCULOS DE CONSTRUCCIÓN Y DE REPARACIÓN","244","Madera y productos de madera"
"495","2400","MATERIALES Y ARTÍCULOS DE CONSTRUCCIÓN Y DE REPARACIÓN","245","Vidrio y productos de vidrio"
"496","2400","MATERIALES Y ARTÍCULOS DE CONSTRUCCIÓN Y DE REPARACIÓN","246","Material eléctrico y electrónico"
"497","2400","MATERIALES Y ARTÍCULOS DE CONSTRUCCIÓN Y DE REPARACIÓN","247","Artículos metálicos para la construcción"
"498","2400","MATERIALES Y ARTÍCULOS DE CONSTRUCCIÓN Y DE REPARACIÓN","248","Materiales complementarios"
"499","2400","MATERIALES Y ARTÍCULOS DE CONSTRUCCIÓN Y DE REPARACIÓN","249","Otros materiales y artículos de construcción y reparación"
"500","2500","PRODUCTOS QUÍMICOS, FARMACÉUTICOS Y DE LABORATORIO","",""
"501","2500","PRODUCTOS QUÍMICOS, FARMACÉUTICOS Y DE LABORATORIO","251","Productos químicos básicos"
"502","2500","PRODUCTOS QUÍMICOS, FARMACÉUTICOS Y DE LABORATORIO","252","Fertilizantes, pesticidas y otros agroquímicos"
"503","2500","PRODUCTOS QUÍMICOS, FARMACÉUTICOS Y DE LABORATORIO","253","Medicinas y productos farmacéuticos"
"504","2500","PRODUCTOS QUÍMICOS, FARMACÉUTICOS Y DE LABORATORIO","254","Materiales, accesorios y suministros médicos"
"505","2500","PRODUCTOS QUÍMICOS, FARMACÉUTICOS Y DE LABORATORIO","255","Materiales, accesorios y suministros de laboratorio"
"506","2500","PRODUCTOS QUÍMICOS, FARMACÉUTICOS Y DE LABORATORIO","256","Fibras sintéticas, hules, plásticos y derivados"
"507","2500","PRODUCTOS QUÍMICOS, FARMACÉUTICOS Y DE LABORATORIO","259","Otros productos químicos"
"508","2600","COMBUSTIBLES, LUBRICANTES Y ADITIVOS","",""
"509","2600","COMBUSTIBLES, LUBRICANTES Y ADITIVOS","261","Combustibles, lubricantes y aditivos"
"510","2600","COMBUSTIBLES, LUBRICANTES Y ADITIVOS","262","Carbón y sus derivados"
"511","2700","VESTUARIO, BLANCOS, PRENDAS DE PROTECCIÓN Y ARTÍCULOS DEPORTIVOS","",""
"512","2700","VESTUARIO, BLANCOS, PRENDAS DE PROTECCIÓN Y ARTÍCULOS DEPORTIVOS","271","Vestuario y uniformes"
"513","2700","VESTUARIO, BLANCOS, PRENDAS DE PROTECCIÓN Y ARTÍCULOS DEPORTIVOS","272","Prendas de seguridad y protección personal"
"514","2700","VESTUARIO, BLANCOS, PRENDAS DE PROTECCIÓN Y ARTÍCULOS DEPORTIVOS","273","Artículos deportivos"
"515","2700","VESTUARIO, BLANCOS, PRENDAS DE PROTECCIÓN Y ARTÍCULOS DEPORTIVOS","274","Productos textiles"
"516","2700","VESTUARIO, BLANCOS, PRENDAS DE PROTECCIÓN Y ARTÍCULOS DEPORTIVOS","275","Blancos y otros productos textiles, excepto prendas de vestir"
"517","2800","MATERIALES Y SUMINISTROS PARA SEGURIDAD","",""
"518","2800","MATERIALES Y SUMINISTROS PARA SEGURIDAD","281","Sustancias y materiales explosivos"
"519","2800","MATERIALES Y SUMINISTROS PARA SEGURIDAD","282","Materiales de seguridad pública"
"520","2800","MATERIALES Y SUMINISTROS PARA SEGURIDAD","283","Prendas de protección para seguridad pública y nacional"
"521","2900","HERRAMIENTAS, REFACCIONES Y ACCESORIOS MENORES","",""
"522","2900","HERRAMIENTAS, REFACCIONES Y ACCESORIOS MENORES","291","Herramientas menores"
"523","2900","HERRAMIENTAS, REFACCIONES Y ACCESORIOS MENORES","292","Refacciones y accesorios menores de edificios"
"524","2900","HERRAMIENTAS, REFACCIONES Y ACCESORIOS MENORES","293","Refacciones y accesorios menores de mobiliario y equipo de administración, educacional y recreativo"
"525","2900","HERRAMIENTAS, REFACCIONES Y ACCESORIOS MENORES","294","Refacciones y accesorios menores de equipo de cómputo y tecnologías de la información"
"526","2900","HERRAMIENTAS, REFACCIONES Y ACCESORIOS MENORES","295","Refacciones y accesorios menores de equipo e instrumental médico y de laboratorio"
"527","2900","HERRAMIENTAS, REFACCIONES Y ACCESORIOS MENORES","296","Refacciones y accesorios menores de equipo de transporte"
"528","2900","HERRAMIENTAS, REFACCIONES Y ACCESORIOS MENORES","297","Refacciones y accesorios menores de equipo de defensa y seguridad"
"529","2900","HERRAMIENTAS, REFACCIONES Y ACCESORIOS MENORES","298","Refacciones y accesorios menores de maquinaria y otros equipos"
"530","2900","HERRAMIENTAS, REFACCIONES Y ACCESORIOS MENORES","299","Refacciones y accesorios menores otros bienes muebles"
"531","3000","SERVICIOS GENERALES","",""
"532","3100","SERVICIOS BÁSICOS","",""
"533","3100","SERVICIOS BÁSICOS","311","Energía eléctrica"
"534","3100","SERVICIOS BÁSICOS","312","Gas"
"535","3100","SERVICIOS BÁSICOS","313","Agua"
"536","3100","SERVICIOS BÁSICOS","314","Telefonía tradicional"
"537","3100","SERVICIOS BÁSICOS","315","Telefonía celular"
"538","3100","SERVICIOS BÁSICOS","316","Servicios de telecomunicaciones y satélites"
"539","3100","SERVICIOS BÁSICOS","317","Servicios de acceso de Internet, redes y procesamiento de información"
"540","3100","SERVICIOS BÁSICOS","318","Servicios postales y telegráficos"
"541","3100","SERVICIOS BÁSICOS","319","Servicios integrales y otros servicios"
"542","3200","SERVICIOS DE ARRENDAMIENTO","",""
"543","3200","SERVICIOS DE ARRENDAMIENTO","321","Arrendamiento de terrenos"
"544","3200","SERVICIOS DE ARRENDAMIENTO","322","Arrendamiento de edificios"
"545","3200","SERVICIOS DE ARRENDAMIENTO","323","Arrendamiento de mobiliario y equipo de administración, educacional y recreativo"
"546","3200","SERVICIOS DE ARRENDAMIENTO","324","Arrendamiento de equipo e instrumental médico y de laboratorio"
"547","3200","SERVICIOS DE ARRENDAMIENTO","325","Arrendamiento de equipo de transporte"
"548","3200","SERVICIOS DE ARRENDAMIENTO","326","Arrendamiento de maquinaria, otros equipos y herramientas"
"549","3200","SERVICIOS DE ARRENDAMIENTO","327","Arrendamiento de activos intangibles"
"550","3200","SERVICIOS DE ARRENDAMIENTO","328","Arrendamiento financiero"
"551","3200","SERVICIOS DE ARRENDAMIENTO","329","Otros arrendamientos"
"552","3300","SERVICIOS PROFESIONALES, CIENTÍFICOS, TÉCNICOS Y OTROS SERVICIOS","",""
"553","3300","SERVICIOS PROFESIONALES, CIENTÍFICOS, TÉCNICOS Y OTROS SERVICIOS","331","Servicios legales, de contabilidad, auditoría y relacionados"
"554","3300","SERVICIOS PROFESIONALES, CIENTÍFICOS, TÉCNICOS Y OTROS SERVICIOS","332","Servicios de diseño, arquitectura, ingeniería y actividades relacionadas"
"555","3300","SERVICIOS PROFESIONALES, CIENTÍFICOS, TÉCNICOS Y OTROS SERVICIOS","333","Servicios de consultoría administrativa, procesos, técnica y en tecnologías de la información"
"556","3300","SERVICIOS PROFESIONALES, CIENTÍFICOS, TÉCNICOS Y OTROS SERVICIOS","334","Servicios de capacitación "
"557","3300","SERVICIOS PROFESIONALES, CIENTÍFICOS, TÉCNICOS Y OTROS SERVICIOS","335","Servicios de investigación científica y desarrollo"
"558","3300","SERVICIOS PROFESIONALES, CIENTÍFICOS, TÉCNICOS Y OTROS SERVICIOS","336","Servicios de apoyo administrativo, traducción, fotocopiado e impresión"
"559","3300","SERVICIOS PROFESIONALES, CIENTÍFICOS, TÉCNICOS Y OTROS SERVICIOS","337","Servicios de protección y seguridad"
"560","3300","SERVICIOS PROFESIONALES, CIENTÍFICOS, TÉCNICOS Y OTROS SERVICIOS","338","Servicios de vigilancia"
"561","3300","SERVICIOS PROFESIONALES, CIENTÍFICOS, TÉCNICOS Y OTROS SERVICIOS","339","Servicios profesionales, científicos y técnicos integrales"
"562","3400","SERVICIOS FINANCIEROS, BANCARIOS Y COMERCIALES","",""
"563","3400","SERVICIOS FINANCIEROS, BANCARIOS Y COMERCIALES","341","Servicios financieros y bancarios"
"564","3400","SERVICIOS FINANCIEROS, BANCARIOS Y COMERCIALES","342","Servicios de cobranza, investigación crediticia y similar"
"565","3400","SERVICIOS FINANCIEROS, BANCARIOS Y COMERCIALES","343","Servicios de recaudación, traslado y custodia de valores"
"566","3400","SERVICIOS FINANCIEROS, BANCARIOS Y COMERCIALES","344","Seguros de responsabilidad patrimonial y fianzas"
"567","3400","SERVICIOS FINANCIEROS, BANCARIOS Y COMERCIALES","345","Seguro de bienes patrimoniales"
"568","3400","SERVICIOS FINANCIEROS, BANCARIOS Y COMERCIALES","346","Almacenaje, envase y embalaje"
"569","3400","SERVICIOS FINANCIEROS, BANCARIOS Y COMERCIALES","347","Fletes y maniobras"
"570","3400","SERVICIOS FINANCIEROS, BANCARIOS Y COMERCIALES","348","Comisiones por ventas"
"571","3400","SERVICIOS FINANCIEROS, BANCARIOS Y COMERCIALES","349","Servicios financieros, bancarios y comerciales integrales"
"572","3500","SERVICIOS DE INSTALACIÓN, REPARACIÓN, MANTENIMIENTO Y CONSERVACIÓN","",""
"573","3500","SERVICIOS DE INSTALACIÓN, REPARACIÓN, MANTENIMIENTO Y CONSERVACIÓN","351","Conservación y mantenimiento menor de inmuebles"
"574","3500","SERVICIOS DE INSTALACIÓN, REPARACIÓN, MANTENIMIENTO Y CONSERVACIÓN","352","Instalación, reparación y mantenimiento de mobiliario y equipo de administración, educacional y recreativo"
"575","3500","SERVICIOS DE INSTALACIÓN, REPARACIÓN, MANTENIMIENTO Y CONSERVACIÓN","353","Instalación, reparación y mantenimiento de equipo de cómputo y tecnología de la información"
"576","3500","SERVICIOS DE INSTALACIÓN, REPARACIÓN, MANTENIMIENTO Y CONSERVACIÓN","354","Instalación, reparación y mantenimiento de equipo e instrumental médico y de laboratorio"
"577","3500","SERVICIOS DE INSTALACIÓN, REPARACIÓN, MANTENIMIENTO Y CONSERVACIÓN","355","Reparación y mantenimiento de equipo de transporte"
"578","3500","SERVICIOS DE INSTALACIÓN, REPARACIÓN, MANTENIMIENTO Y CONSERVACIÓN","356","Reparación y mantenimiento de equipo de defensa y seguridad"
"579","3500","SERVICIOS DE INSTALACIÓN, REPARACIÓN, MANTENIMIENTO Y CONSERVACIÓN","357","Instalación, reparación y mantenimiento de maquinaria, otros equipos y herramienta"
"580","3500","SERVICIOS DE INSTALACIÓN, REPARACIÓN, MANTENIMIENTO Y CONSERVACIÓN","358","Servicios de limpieza y manejo de desechos"
"581","3500","SERVICIOS DE INSTALACIÓN, REPARACIÓN, MANTENIMIENTO Y CONSERVACIÓN","359","Servicios de jardinería y fumigación"
"582","3600","SERVICIOS DE COMUNICACIÓN SOCIAL Y PUBLICIDAD","",""
"583","3600","SERVICIOS DE COMUNICACIÓN SOCIAL Y PUBLICIDAD","361","Difusión por radio, televisión y otros medios de mensajes sobre programas y actividades gubernamentales"
"584","3600","SERVICIOS DE COMUNICACIÓN SOCIAL Y PUBLICIDAD","362","Difusión por radio, televisión y otros medios de mensajes comerciales para promover la venta de bienes o servicios"
"585","3600","SERVICIOS DE COMUNICACIÓN SOCIAL Y PUBLICIDAD","363","Servicios de creatividad, preproducción y producción de publicidad, excepto Internet"
"586","3600","SERVICIOS DE COMUNICACIÓN SOCIAL Y PUBLICIDAD","364","Servicios de revelado de fotografías"
"587","3600","SERVICIOS DE COMUNICACIÓN SOCIAL Y PUBLICIDAD","365","Servicios de la industria fílmica, del sonido y del video"
"588","3600","SERVICIOS DE COMUNICACIÓN SOCIAL Y PUBLICIDAD","366","Servicio de creación y difusión de contenido exclusivamente a través de Internet"
"589","3600","SERVICIOS DE COMUNICACIÓN SOCIAL Y PUBLICIDAD","369","Otros servicios de información"
"590","3700","SERVICIOS DE TRASLADO Y VIÁTICOS","",""
"591","3700","SERVICIOS DE TRASLADO Y VIÁTICOS","371","Pasajes aéreos"
"592","3700","SERVICIOS DE TRASLADO Y VIÁTICOS","372","Pasajes terrestres"
"593","3700","SERVICIOS DE TRASLADO Y VIÁTICOS","373","Pasajes marítimos, lacustres y fluviales"
"594","3700","SERVICIOS DE TRASLADO Y VIÁTICOS","374","Autotransporte"
"595","3700","SERVICIOS DE TRASLADO Y VIÁTICOS","375","Viáticos en el país"
"596","3700","SERVICIOS DE TRASLADO Y VIÁTICOS","376","Viáticos en el extranjero"
"597","3700","SERVICIOS DE TRASLADO Y VIÁTICOS","377","Gastos de instalación y traslado de menaje"
"598","3700","SERVICIOS DE TRASLADO Y VIÁTICOS","378","Servicios integrales de traslado y viáticos"
"599","3700","SERVICIOS DE TRASLADO Y VIÁTICOS","379","Otros servicios de traslado y hospedaje"
"600","3800","SERVICIOS OFICIALES","",""
"601","3800","SERVICIOS OFICIALES","381","Gastos de ceremonial"
"602","3800","SERVICIOS OFICIALES","382","Gastos de orden social y cultural"
"603","3800","SERVICIOS OFICIALES","383","Congresos y convenciones"
"604","3800","SERVICIOS OFICIALES","384","Exposiciones"
"605","3800","SERVICIOS OFICIALES","385","Gastos de representación"
"606","3900","OTROS SERVICIOS GENERALES","",""
"607","3900","OTROS SERVICIOS GENERALES","391","Servicios funerarios y de cementerios"
"608","3900","OTROS SERVICIOS GENERALES","392","Impuestos y derechos"
"609","3900","OTROS SERVICIOS GENERALES","393","Impuestos y derechos de importación"
"610","3900","OTROS SERVICIOS GENERALES","394","Sentencias y resoluciones por autoridad competente"
"611","3900","OTROS SERVICIOS GENERALES","395","Penas, multas, accesorios y actualizaciones"
"612","3900","OTROS SERVICIOS GENERALES","396","Otros gastos por responsabilidades"
"613","3900","OTROS SERVICIOS GENERALES","397","Utilidades"
"614","3900","OTROS SERVICIOS GENERALES","398","Impuesto sobre nóminas y otros que se deriven de una relación laboral"
"615","3900","OTROS SERVICIOS GENERALES","399","Otros servicios generales"
"616","4000","TRANSFERENCIAS, ASIGNACIONES, SUBSIDIOS Y OTRAS AYUDAS","",""
"617","4100","TRANSFERENCIAS INTERNAS Y ASIGNACIONES AL SECTOR PÚBLICO","",""
"618","4100","TRANSFERENCIAS INTERNAS Y ASIGNACIONES AL SECTOR PÚBLICO","411","Asignaciones presupuestarias al Poder Ejecutivo"
"619","4100","TRANSFERENCIAS INTERNAS Y ASIGNACIONES AL SECTOR PÚBLICO","412","Asignaciones presupuestarias al Poder Legislativo"
"620","4100","TRANSFERENCIAS INTERNAS Y ASIGNACIONES AL SECTOR PÚBLICO","413","Asignaciones presupuestarias al Poder Judicial"
"621","4100","TRANSFERENCIAS INTERNAS Y ASIGNACIONES AL SECTOR PÚBLICO","414","Asignaciones presupuestarias a Órganos Autónomos"
"622","4100","TRANSFERENCIAS INTERNAS Y ASIGNACIONES AL SECTOR PÚBLICO","415","Transferencias internas otorgadas a entidades paraestatales no empresariales y no financieras"
"623","4100","TRANSFERENCIAS INTERNAS Y ASIGNACIONES AL SECTOR PÚBLICO","416","Transferencias internas otorgadas a entidades paraestatales empresariales y no financieras"
"624","4100","TRANSFERENCIAS INTERNAS Y ASIGNACIONES AL SECTOR PÚBLICO","417","Transferencias internas otorgadas a fideicomisos públicos empresariales y no financieros"
"625","4100","TRANSFERENCIAS INTERNAS Y ASIGNACIONES AL SECTOR PÚBLICO","418","Transferencias internas otorgadas a instituciones paraestatales públicas financieras"
"626","4100","TRANSFERENCIAS INTERNAS Y ASIGNACIONES AL SECTOR PÚBLICO","419","Transferencias internas otorgadas a fideicomisos públicos financieros"
"627","4200","TRANSFERENCIAS AL RESTO DEL SECTOR PÚBLICO","",""
"628","4200","TRANSFERENCIAS AL RESTO DEL SECTOR PÚBLICO","421","Transferencias otorgadas a entidades paraestatales no empresariales y no financieras"
"629","4200","TRANSFERENCIAS AL RESTO DEL SECTOR PÚBLICO","422","Transferencias otorgadas para entidades paraestatales empresariales y no financieras"
"630","4200","TRANSFERENCIAS AL RESTO DEL SECTOR PÚBLICO","423","Transferencias otorgadas para instituciones paraestatales públicas financieras"
"631","4200","TRANSFERENCIAS AL RESTO DEL SECTOR PÚBLICO","424","Transferencias otorgadas a entidades federativas y municipios"
"632","4200","TRANSFERENCIAS AL RESTO DEL SECTOR PÚBLICO","425","Transferencias a fideicomisos de entidades federativas y municipios"
"633","4300","SUBSIDIOS Y SUBVENCIONES","",""
"634","4300","SUBSIDIOS Y SUBVENCIONES","431","Subsidios a la producción"
"635","4300","SUBSIDIOS Y SUBVENCIONES","432","Subsidios a la distribución"
"636","4300","SUBSIDIOS Y SUBVENCIONES","433","Subsidios a la inversión"
"637","4300","SUBSIDIOS Y SUBVENCIONES","434","Subsidios a la prestación de servicios públicos"
"638","4300","SUBSIDIOS Y SUBVENCIONES","435","Subsidios para cubrir diferenciales de tasas de interés"
"639","4300","SUBSIDIOS Y SUBVENCIONES","436","Subsidios a la vivienda"
"640","4300","SUBSIDIOS Y SUBVENCIONES","437","Subvenciones al consumo"
"641","4300","SUBSIDIOS Y SUBVENCIONES","438","Subsidios a entidades federativas y municipios"
"642","4300","SUBSIDIOS Y SUBVENCIONES","439","Otros subsidios"
"643","4400","AYUDAS SOCIALES","",""
"644","4400","AYUDAS SOCIALES","441","Ayudas sociales a personas"
"645","4400","AYUDAS SOCIALES","442","Becas y otras ayudas para programas de capacitación"
"646","4400","AYUDAS SOCIALES","443","Ayudas sociales a instituciones de enseñanza"
"647","4400","AYUDAS SOCIALES","444","Ayudas sociales a actividades científicas o académicas"
"648","4400","AYUDAS SOCIALES","445","Ayudas sociales a instituciones sin fines de lucro"
"649","4400","AYUDAS SOCIALES","446","Ayudas sociales a cooperativas"
"650","4400","AYUDAS SOCIALES","447","Ayudas sociales a entidades de interés público"
"651","4400","AYUDAS SOCIALES","448","Ayudas por desastres naturales y otros siniestros"
"652","4500","PENSIONES Y JUBILACIONES","",""
"653","4500","PENSIONES Y JUBILACIONES","451","Pensiones"
"654","4500","PENSIONES Y JUBILACIONES","452","Jubilaciones"
"655","4500","PENSIONES Y JUBILACIONES","459","Otras pensiones y jubilaciones"
"656","4600","TRANSFERENCIAS A FIDEICOMISOS, MANDATOS Y OTROS ANÁLOGOS","",""
"657","4600","TRANSFERENCIAS A FIDEICOMISOS, MANDATOS Y OTROS ANÁLOGOS","461","Transferencias a fideicomisos del Poder Ejecutivo"
"658","4600","TRANSFERENCIAS A FIDEICOMISOS, MANDATOS Y OTROS ANÁLOGOS","462","Transferencias a fideicomisos del Poder Legislativo"
"659","4600","TRANSFERENCIAS A FIDEICOMISOS, MANDATOS Y OTROS ANÁLOGOS","463","Transferencias a fideicomisos del Poder Judicial"
"660","4600","TRANSFERENCIAS A FIDEICOMISOS, MANDATOS Y OTROS ANÁLOGOS","464","Transferencias a fideicomisos públicos de entidades paraestatales no empresariales y no financieras"
"661","4600","TRANSFERENCIAS A FIDEICOMISOS, MANDATOS Y OTROS ANÁLOGOS","465","Transferencias a fideicomisos públicos de entidades paraestatales empresariales y no financieras"
"662","4600","TRANSFERENCIAS A FIDEICOMISOS, MANDATOS Y OTROS ANÁLOGOS","466","Transferencias a fideicomisos de instituciones públicas financieras"
"663","4600","TRANSFERENCIAS A FIDEICOMISOS, MANDATOS Y OTROS ANÁLOGOS","469","Otras transferencias a fideicomisos"
"664","4700","TRANSFERENCIAS A LA SEGURIDAD SOCIAL","",""
"665","4700","TRANSFERENCIAS A LA SEGURIDAD SOCIAL","471","Transferencias por obligaciones de ley"
"666","4800","DONATIVOS","",""
"667","4800","DONATIVOS","481","Donativos a instituciones sin fines de lucro"
"668","4800","DONATIVOS","482","Donativos a entidades federativas"
"669","4800","DONATIVOS","483","Donativos a fideicomisos privados"
"670","4800","DONATIVOS","484","Donativos a fideicomisos estatales"
"671","4800","DONATIVOS","485","Donativos internacionales"
"672","4900","TRANSFERENCIAS AL EXTERIOR","",""
"673","4900","TRANSFERENCIAS AL EXTERIOR","491","Transferencias para gobiernos extranjeros"
"674","4900","TRANSFERENCIAS AL EXTERIOR","492","Transferencias para organismos internacionales"
"675","4900","TRANSFERENCIAS AL EXTERIOR","493","Transferencias para el sector privado externo"
"676","5000","BIENES MUEBLES, INMUEBLES E INTANGIBLES","",""
"677","5100","MOBILIARIO Y EQUIPO DE ADMINISTRACIÓN","",""
"678","5100","MOBILIARIO Y EQUIPO DE ADMINISTRACIÓN","511","Muebles de oficina y estantería"
"679","5100","MOBILIARIO Y EQUIPO DE ADMINISTRACIÓN","512","Muebles, excepto de oficina y estantería"
"680","5100","MOBILIARIO Y EQUIPO DE ADMINISTRACIÓN","513","Bienes artísticos, culturales y científicos"
"681","5100","MOBILIARIO Y EQUIPO DE ADMINISTRACIÓN","514","Objetos de valor"
"682","5100","MOBILIARIO Y EQUIPO DE ADMINISTRACIÓN","515","Equipo de cómputo y de tecnologías de la información"
"683","5100","MOBILIARIO Y EQUIPO DE ADMINISTRACIÓN","519","Otros mobiliarios y equipos de administración"
"684","5200","MOBILIARIO Y EQUIPO EDUCACIONAL Y RECREATIVO","",""
"685","5200","MOBILIARIO Y EQUIPO EDUCACIONAL Y RECREATIVO","521","Equipos y aparatos audiovisuales"
"686","5200","MOBILIARIO Y EQUIPO EDUCACIONAL Y RECREATIVO","522","Aparatos deportivos"
"687","5200","MOBILIARIO Y EQUIPO EDUCACIONAL Y RECREATIVO","523","Cámaras fotográficas y de video"
"688","5200","MOBILIARIO Y EQUIPO EDUCACIONAL Y RECREATIVO","529","Otro mobiliario y equipo educacional y recreativo"
"689","5300","EQUIPO E INSTRUMENTAL MEDICO Y DE LABORATORIO","",""
"690","5300","EQUIPO E INSTRUMENTAL MEDICO Y DE LABORATORIO","531","Equipo médico y de laboratorio"
"691","5300","EQUIPO E INSTRUMENTAL MEDICO Y DE LABORATORIO","532","Instrumental médico y de laboratorio"
"692","5400","VEHICULOS Y EQUIPO DE TRANSPORTE","",""
"693","5400","VEHICULOS Y EQUIPO DE TRANSPORTE","541","Vehículos y equipo terrestre"
"694","5400","VEHICULOS Y EQUIPO DE TRANSPORTE","542","Carrocerías y remolques"
"695","5400","VEHICULOS Y EQUIPO DE TRANSPORTE","543","Equipo aeroespacial"
"696","5400","VEHICULOS Y EQUIPO DE TRANSPORTE","544","Equipo ferroviario"
"697","5400","VEHICULOS Y EQUIPO DE TRANSPORTE","545","Embarcaciones"
"698","5400","VEHICULOS Y EQUIPO DE TRANSPORTE","549","Otros equipos de transporte"
"699","5500","EQUIPO DE DEFENSA Y SEGURIDAD","",""
"700","5500","EQUIPO DE DEFENSA Y SEGURIDAD","551","Equipo de defensa y seguridad"
"701","5600","MAQUINARIA, OTROS EQUIPOS Y HERRAMIENTAS","",""
"702","5600","MAQUINARIA, OTROS EQUIPOS Y HERRAMIENTAS","561","Maquinaria y equipo agropecuario"
"703","5600","MAQUINARIA, OTROS EQUIPOS Y HERRAMIENTAS","562","Maquinaria y equipo industrial"
"704","5600","MAQUINARIA, OTROS EQUIPOS Y HERRAMIENTAS","563","Maquinaria y equipo de construcción"
"705","5600","MAQUINARIA, OTROS EQUIPOS Y HERRAMIENTAS","564","Sistemas de aire acondicionado, calefacción y de refrigeración industrial y comercial"
"706","5600","MAQUINARIA, OTROS EQUIPOS Y HERRAMIENTAS","565","Equipo de comunicación y telecomunicación"
"707","5600","MAQUINARIA, OTROS EQUIPOS Y HERRAMIENTAS","566","Equipos de generación eléctrica, aparatos y accesorios eléctricos"
"708","5600","MAQUINARIA, OTROS EQUIPOS Y HERRAMIENTAS","567","Herramientas y máquinas-herramienta"
"709","5600","MAQUINARIA, OTROS EQUIPOS Y HERRAMIENTAS","569","Otros equipos"
"710","5700","ACTIVOS BIOLOGICOS","",""
"711","5700","ACTIVOS BIOLOGICOS","571","Bovinos"
"712","5700","ACTIVOS BIOLOGICOS","572","Porcinos"
"713","5700","ACTIVOS BIOLOGICOS","573","Aves"
"714","5700","ACTIVOS BIOLOGICOS","574","Ovinos y caprinos"
"715","5700","ACTIVOS BIOLOGICOS","575","Peces y acuicultura"
"716","5700","ACTIVOS BIOLOGICOS","576","Equinos"
"717","5700","ACTIVOS BIOLOGICOS","577","Especies menores y de zoológico"
"718","5700","ACTIVOS BIOLOGICOS","578","Árboles y plantas"
"719","5700","ACTIVOS BIOLOGICOS","579","Otros activos biológicos"
"720","5800","BIENES INMUEBLES","",""
"721","5800","BIENES INMUEBLES","581","Terrenos"
"722","5800","BIENES INMUEBLES","582","Viviendas"
"723","5800","BIENES INMUEBLES","583","Edificios no residenciales"
"724","5800","BIENES INMUEBLES","589","Otros bienes inmuebles"
"725","5900","ACTIVOS INTANGIBLES","",""
"726","5900","ACTIVOS INTANGIBLES","591","Software"
"727","5900","ACTIVOS INTANGIBLES","592","Patentes"
"728","5900","ACTIVOS INTANGIBLES","593","Marcas"
"729","5900","ACTIVOS INTANGIBLES","594","Derechos"
"730","5900","ACTIVOS INTANGIBLES","595","Concesiones"
"731","5900","ACTIVOS INTANGIBLES","596","Franquicias"
"732","5900","ACTIVOS INTANGIBLES","597","Licencias informáticas e intelectuales"
"733","5900","ACTIVOS INTANGIBLES","598","Licencias industriales, comerciales y otras"
"734","5900","ACTIVOS INTANGIBLES","599","Otros activos intangibles"
"735","6000","INVERSION PÚBLICA","",""
"736","6100","OBRA PÚBLICA EN BIENES DE DOMINIO PÚBLICO","",""
"737","6100","OBRA PÚBLICA EN BIENES DE DOMINIO PÚBLICO","611","Edificación habitacional"
"738","6100","OBRA PÚBLICA EN BIENES DE DOMINIO PÚBLICO","612","Edificación no habitacional"
"739","6100","OBRA PÚBLICA EN BIENES DE DOMINIO PÚBLICO","613","Construcción de obras para el abastecimiento de agua, petróleo, gas, electricidad y telecomunicaciones"
"740","6100","OBRA PÚBLICA EN BIENES DE DOMINIO PÚBLICO","614","División de terrenos y construcción de obras de urbanización"
"741","6100","OBRA PÚBLICA EN BIENES DE DOMINIO PÚBLICO","615","Construcción de vías de comunicación"
"742","6100","OBRA PÚBLICA EN BIENES DE DOMINIO PÚBLICO","616","Otras construcciones de ingeniería civil u obra pesada"
"743","6100","OBRA PÚBLICA EN BIENES DE DOMINIO PÚBLICO","617","Instalaciones y equipamiento en construcciones"
"744","6100","OBRA PÚBLICA EN BIENES DE DOMINIO PÚBLICO","619","Trabajos de acabados en edificaciones y otros trabajos especializados"
"745","6200","OBRA PÚBLICA EN BIENES PROPIOS","",""
"746","6200","OBRA PÚBLICA EN BIENES PROPIOS","621","Edificación habitacional"
"747","6200","OBRA PÚBLICA EN BIENES PROPIOS","622","Edificación no habitacional"
"748","6200","OBRA PÚBLICA EN BIENES PROPIOS","623","Construcción de obras para el abastecimiento de agua, petróleo, gas, electricidad y telecomunicaciones"
"749","6200","OBRA PÚBLICA EN BIENES PROPIOS","624","División de terrenos y construcción de obras de urbanización"
"750","6200","OBRA PÚBLICA EN BIENES PROPIOS","625","Construcción de vías de comunicación"
"751","6200","OBRA PÚBLICA EN BIENES PROPIOS","626","Otras construcciones de ingeniería civil u obra pesada"
"752","6200","OBRA PÚBLICA EN BIENES PROPIOS","627","Instalaciones y equipamiento en construcciones"
"753","6200","OBRA PÚBLICA EN BIENES PROPIOS","629","Trabajos de acabados en edificaciones y otros trabajos especializados"
"754","6300","PROYECTOS PRODUCTIVOS Y ACCIONES DE FOMENTO","",""
"755","6300","PROYECTOS PRODUCTIVOS Y ACCIONES DE FOMENTO","631","Estudios, formulación y evaluación de proyectos productivos no incluidos en conceptos anteriores de este capítulo"
"756","6300","PROYECTOS PRODUCTIVOS Y ACCIONES DE FOMENTO","632","Ejecución de proyectos productivos no incluidos en conceptos anteriores de este capítulo"
"757","7000","INVERSIONES FINANCIERAS Y OTRAS PROVISIONES","",""
"758","7100","INVERSIONES PARA EL FOMENTO DE ACTIVIDADES PRODUCTIVAS","",""
"759","7100","INVERSIONES PARA EL FOMENTO DE ACTIVIDADES PRODUCTIVAS","711","Créditos otorgados por entidades federativas y municipios al sector social y privado para el fomento de actividades productivas"
"760","7100","INVERSIONES PARA EL FOMENTO DE ACTIVIDADES PRODUCTIVAS","712","Créditos otorgados por las entidades federativas a municipios para el fomento de actividades productivas"
"761","7200","ACCIONES Y PARTICIPACIONES DE CAPITAL","",""
"762","7200","ACCIONES Y PARTICIPACIONES DE CAPITAL","721","Acciones y participaciones de capital en entidades paraestatales no empresariales y no financieras con fines de política económica"
"763","7200","ACCIONES Y PARTICIPACIONES DE CAPITAL","722","Acciones y participaciones de capital en entidades paraestatales empresariales y no financieras con fines de política económica"
"764","7200","ACCIONES Y PARTICIPACIONES DE CAPITAL","723","Acciones y participaciones de capital en instituciones paraestatales públicas financieras con fines de política económica"
"765","7200","ACCIONES Y PARTICIPACIONES DE CAPITAL","724","Acciones y participaciones de capital en el sector privado con fines de política económica"
"766","7200","ACCIONES Y PARTICIPACIONES DE CAPITAL","725","Acciones y participaciones de capital en organismos internacionales con fines de política económica"
"767","7200","ACCIONES Y PARTICIPACIONES DE CAPITAL","726","Acciones y participaciones de capital en el sector externo con fines de política económica"
"768","7200","ACCIONES Y PARTICIPACIONES DE CAPITAL","727","Acciones y participaciones de capital en el sector público con fines de gestión de liquidez"
"769","7200","ACCIONES Y PARTICIPACIONES DE CAPITAL","728","Acciones y participaciones de capital en el sector privado con fines de gestión de liquidez"
"770","7200","ACCIONES Y PARTICIPACIONES DE CAPITAL","729","Acciones y participaciones de capital en el sector externo con fines de gestión de liquidez"
"771","7300","COMPRA DE TITULOS Y VALORES","",""
"772","7300","COMPRA DE TITULOS Y VALORES","731","Bonos"
"773","7300","COMPRA DE TITULOS Y VALORES","732","Valores representativos de deuda adquiridos con fines de política económica"
"774","7300","COMPRA DE TITULOS Y VALORES","733","Valores representativos de deuda adquiridos con fines de gestión de liquidez"
"775","7300","COMPRA DE TITULOS Y VALORES","734","Obligaciones negociables adquiridas con fines de política económica"
"776","7300","COMPRA DE TITULOS Y VALORES","735","Obligaciones negociables adquiridas con fines de gestión de liquidez"
"777","7300","COMPRA DE TITULOS Y VALORES","739","Otros valores"
"778","7400","CONCESION DE PRÉSTAMOS","",""
"779","7400","CONCESION DE PRÉSTAMOS","741","Concesión de préstamos a entidades paraestatales no empresariales y no financieras con fines de política económica"
"780","7400","CONCESION DE PRÉSTAMOS","742","Concesión de préstamos a entidades paraestatales empresariales y no financieras con fines de política económica"
"781","7400","CONCESION DE PRÉSTAMOS","743","Concesión de préstamos a instituciones paraestatales públicas financieras con fines de política económica"
"782","7400","CONCESION DE PRÉSTAMOS","744","Concesión de préstamos a entidades federativas y municipios con fines de política económica"
"783","7400","CONCESION DE PRÉSTAMOS","745","Concesión de préstamos al sector privado con fines de política económica"
"784","7400","CONCESION DE PRÉSTAMOS","746","Concesión de préstamos al sector externo con fines de política económica"
"785","7400","CONCESION DE PRÉSTAMOS","747","Concesión de préstamos al sector público con fines de gestión de liquidez"
"786","7400","CONCESION DE PRÉSTAMOS","748","Concesión de préstamos al sector privado con fines de gestión de liquidez"
"787","7400","CONCESION DE PRÉSTAMOS","749","Concesión de préstamos al sector externo con fines de gestión de liquidez"
"788","7500","INVERSIONES EN FIDEICOMISOS, MANDATOS Y OTROS ANÁLOGOS","",""
"789","7500","INVERSIONES EN FIDEICOMISOS, MANDATOS Y OTROS ANÁLOGOS","751","Inversiones en fideicomisos del Poder Ejecutivo"
"790","7500","INVERSIONES EN FIDEICOMISOS, MANDATOS Y OTROS ANÁLOGOS","752","Inversiones en fideicomisos del Poder Legislativo"
"791","7500","INVERSIONES EN FIDEICOMISOS, MANDATOS Y OTROS ANÁLOGOS","753","Inversiones en fideicomisos del Poder Judicial"
"792","7500","INVERSIONES EN FIDEICOMISOS, MANDATOS Y OTROS ANÁLOGOS","754","Inversiones en fideicomisos públicos no empresariales y no financieros"
"793","7500","INVERSIONES EN FIDEICOMISOS, MANDATOS Y OTROS ANÁLOGOS","755","Inversiones en fideicomisos públicos empresariales y no financieros"
"794","7500","INVERSIONES EN FIDEICOMISOS, MANDATOS Y OTROS ANÁLOGOS","756","Inversiones en fideicomisos públicos financieros"
"795","7500","INVERSIONES EN FIDEICOMISOS, MANDATOS Y OTROS ANÁLOGOS","757","Inversiones en fideicomisos de entidades federativas"
"796","7500","INVERSIONES EN FIDEICOMISOS, MANDATOS Y OTROS ANÁLOGOS","758","Inversiones en fideicomisos de municipios"
"797","7500","INVERSIONES EN FIDEICOMISOS, MANDATOS Y OTROS ANÁLOGOS","759","Otras inversiones en fideicomisos"
"798","7600","OTRAS INVERSIONES FINANCIERAS","",""
"799","7600","OTRAS INVERSIONES FINANCIERAS","761","Depósitos a largo plazo en moneda nacional"
"800","7600","OTRAS INVERSIONES FINANCIERAS","762","Depósitos a largo plazo en moneda extranjera"
"801","7900","PROVISIONES PARA CONTINGENCIAS Y OTRAS EROGACIONES ESPECIALES","",""
"802","7900","PROVISIONES PARA CONTINGENCIAS Y OTRAS EROGACIONES ESPECIALES","791","Contingencias por fenómenos naturales"
"803","7900","PROVISIONES PARA CONTINGENCIAS Y OTRAS EROGACIONES ESPECIALES","792","Contingencias socioeconómicas"
"804","7900","PROVISIONES PARA CONTINGENCIAS Y OTRAS EROGACIONES ESPECIALES","799","Otras erogaciones especiales"
"805","8000","PARTICIPACIONES Y APORTACIONES","",""
"806","8100","PARTICIPACIONES","",""
"807","8100","PARTICIPACIONES","811","Fondo general de participaciones"
"808","8100","PARTICIPACIONES","812","Fondo de fomento municipal"
"809","8100","PARTICIPACIONES","813","Participaciones de las entidades federativas a los municipios"
"810","8100","PARTICIPACIONES","814","Otros conceptos participables de la Federación a entidades federativas"
"811","8100","PARTICIPACIONES","815","Otros conceptos participables de la Federación a municipios"
"812","8100","PARTICIPACIONES","816","Convenios de colaboración administrativa"
"813","8300","APORTACIONES","",""
"814","8300","APORTACIONES","831","Aportaciones de la Federación a las entidades federativas"
"815","8300","APORTACIONES","832","Aportaciones de la Federación a municipios"
"816","8300","APORTACIONES","833","Aportaciones de las entidades federativas a los municipios"
"817","8300","APORTACIONES","834","Aportaciones previstas en leyes y decretos al sistema de protección social"
"818","8300","APORTACIONES","835","Aportaciones previstas en leyes y decretos compensatorias a entidades federativas y municipios"
"819","8500","CONVENIOS","",""
"820","8500","CONVENIOS","851","Convenios de reasignación"
"821","8500","CONVENIOS","852","Convenios de descentralización"
"822","8500","CONVENIOS","853","Otros convenios"
"823","9000","DEUDA PÚBLICA","",""
"824","9100","AMORTIZACION DE LA DEUDA PÚBLICA","",""
"825","9100","AMORTIZACION DE LA DEUDA PÚBLICA","911","Amortización de la deuda interna con instituciones de crédito"
"826","9100","AMORTIZACION DE LA DEUDA PÚBLICA","912","Amortización de la deuda interna por emisión de títulos y valores"
"827","9100","AMORTIZACION DE LA DEUDA PÚBLICA","913","Amortización de arrendamientos financieros nacionales"
"828","9100","AMORTIZACION DE LA DEUDA PÚBLICA","914","Amortización de la deuda externa con instituciones de crédito"
"829","9100","AMORTIZACION DE LA DEUDA PÚBLICA","915","Amortización de deuda externa con organismos financieros internacionales"
"830","9100","AMORTIZACION DE LA DEUDA PÚBLICA","916","Amortización de la deuda bilateral"
"831","9100","AMORTIZACION DE LA DEUDA PÚBLICA","917","Amortización de la deuda externa por emisión de títulos y valores"
"832","9100","AMORTIZACION DE LA DEUDA PÚBLICA","918","Amortización de arrendamientos financieros internacionales"
"833","9200","INTERESES DE LA DEUDA PÚBLICA","",""
"834","9200","INTERESES DE LA DEUDA PÚBLICA","921","Intereses de la deuda interna con instituciones de crédito"
"835","9200","INTERESES DE LA DEUDA PÚBLICA","922","Intereses derivados de la colocación de títulos y valores"
"836","9200","INTERESES DE LA DEUDA PÚBLICA","923","Intereses por arrendamientos financieros nacionales"
"837","9200","INTERESES DE LA DEUDA PÚBLICA","924","Intereses de la deuda externa con instituciones de crédito"
"838","9200","INTERESES DE LA DEUDA PÚBLICA","925","Intereses de la deuda con organismos financieros Internacionales"
"839","9200","INTERESES DE LA DEUDA PÚBLICA","926","Intereses de la deuda bilateral"
"840","9200","INTERESES DE LA DEUDA PÚBLICA","927","Intereses derivados de la colocación de títulos y valores en el exterior"
"841","9200","INTERESES DE LA DEUDA PÚBLICA","928","Intereses por arrendamientos financieros internacionales"
"842","9300","COMISIONES DE LA DEUDA PÚBLICA","",""
"843","9300","COMISIONES DE LA DEUDA PÚBLICA","931","Comisiones de la deuda pública interna"
"844","9300","COMISIONES DE LA DEUDA PÚBLICA","932","Comisiones de la deuda pública externa"
"845","9400","GASTOS DE LA DEUDA PÚBLICA","",""
"846","9400","GASTOS DE LA DEUDA PÚBLICA","941","Gastos de la deuda pública interna"
"847","9400","GASTOS DE LA DEUDA PÚBLICA","942","Gastos de la deuda pública externa"
"848","9500","COSTO POR COBERTURAS","",""
"849","9500","COSTO POR COBERTURAS","951","Costos por coberturas"
"850","9600","APOYOS FINANCIEROS","",""
"851","9600","APOYOS FINANCIEROS","961","Apoyos a intermediarios financieros"
"852","9600","APOYOS FINANCIEROS","962","Apoyos a ahorradores y deudores del Sistema Financiero Nacional"
"853","9900","ADEUDOS DE EJERCICIOS FISCALES ANTERIORES (ADEFAS)","",""
"854","9900","ADEUDOS DE EJERCICIOS FISCALES ANTERIORES (ADEFAS)","991","ADEFAS"
